code_WWTP,name_WWTP,capacity,cumulative_capacity,rank_STEU,percent_cumulative_capacity,percent_rank,basin
026751900405,STRASBOURG,1017000,1.017,1,15,0.1,Rhin-Meuse
026830000459,SAUSHEIM (ILE NAPOLEON),536666,1.553666,2,22.9,0.2,Rhin-Meuse
025435700075,MAXEVILLE/NANCY,480000,2.033666,3,30,0.4,Rhin-Meuse
025745200219,METZ,339000,2.372666,4,35,0.5,Rhin-Meuse
026728602110,MEISTRATZHEIM,201916.6666666667,2.5745826666666667,5,37.9,0.6,Rhin-Meuse
026806600424,COLMAR,198300,2.7728826666666664,6,40.9,0.7,Rhin-Meuse
025722101340,VALLEE DE LA FENSCH,118620,2.8915026666666663,7,42.6,0.8,Rhin-Meuse
020810500005,CHARLEVILLE-MEZIERES,95666,2.9871686666666664,8,44,1,Rhin-Meuse
026746201414,SELESTAT,94316,3.0814846666666664,9,45.4,1.1,Rhin-Meuse
026834901929,VILLAGE-NEUF,93333.33333333334,3.174818,10,46.8,1.2,Rhin-Meuse
025767201458,THIONVILLE,72000,3.246818,11,47.8,1.3,Rhin-Meuse
025763101489,SARREGUEMINES,69000,3.315818,12,48.9,1.4,Rhin-Meuse
026718001467,HAGUENAU,65450,3.381268,13,49.8,1.6,Rhin-Meuse
025758201247,VALLEE DE L'ORNE,63450,3.444718,14,50.8,1.7,Rhin-Meuse
026815600438,ISSENHEIM,62000,3.506718,15,51.7,1.8,Rhin-Meuse
028820900489,GOLBEY,58333,3.565051,16,52.5,1.9,Rhin-Meuse
026828901215,RUELISHEIM,56583,3.621634,17,53.4,2,Rhin-Meuse
025432300744,LONGWY,49635,3.671269,18,54.1,2.2,Rhin-Meuse
020819400011,GLAIRE SEDAN,48600,3.719869,19,54.8,2.3,Rhin-Meuse
026747801412,SAVERNE,48600,3.768469,20,55.5,2.4,Rhin-Meuse
025724001538,FREYMING-MERLEBACH,47717,3.816186,21,56.2,2.5,Rhin-Meuse
026806301928,CERNAY,45900,3.862086,22,56.9,2.7,Rhin-Meuse
025753700165,FORBACH MARIENAU,44333,3.906419,23,57.6,2.8,Rhin-Meuse
025749101599,MOYEUVRE-GRANDE,42165,3.948584,24,58.2,2.9,Rhin-Meuse
026755700413,ZELLWILLER,42000,3.990584,25,58.8,3,Rhin-Meuse
026754402407,WISSEMBOURG,41666.66666666667,4.032250666666666,26,59.4,3.1,Rhin-Meuse
026802300417,BEBLENHEIM,38250,4.070500666666667,27,60,3.3,Rhin-Meuse
026713002379,ERSTEIN,37500,4.108000666666666,28,60.5,3.4,Rhin-Meuse
025504300095,BELLEVILLE/MEUSE VERDUN,36300,4.144300666666666,29,61.1,3.5,Rhin-Meuse
026704601204,BISCHWILLER,35100,4.179400666666666,30,61.6,3.6,Rhin-Meuse
028819600842,GERARDMER,34875,4.214275666666666,31,62.1,3.7,Rhin-Meuse
025432900074,LUNEVILLE,34000,4.248275666666666,32,62.6,3.9,Rhin-Meuse
028828500515,VITTEL CONTREXEVILLE,33750,4.282025666666666,33,63.1,4,Rhin-Meuse
025763001318,SARREBOURG,33300,4.315325666666666,34,63.6,4.1,Rhin-Meuse
025412903469,CIREY SUR VEZOUZE,33116.66666666667,4.348442333333333,35,64.1,4.2,Rhin-Meuse
025443101250,PONT-A-MOUSSON,32500,4.380942333333333,36,64.6,4.3,Rhin-Meuse
025439701614,NEUVES-MAISONS,31320.000000000004,4.412262333333333,37,65,4.5,Rhin-Meuse
025766300271,TALANGE,31000,4.443262333333333,38,65.5,4.6,Rhin-Meuse
026829800458,SAINTE-MARIE-AUX-MINES,30583.333333333336,4.473845666666666,39,65.9,4.7,Rhin-Meuse
026807801903,EGUISHEIM,27666.666666666668,4.501512333333333,40,66.3,4.8,Rhin-Meuse
028841300502,SAINT-DIE LA PECHERIE,27315.000000000004,4.528827333333333,41,66.7,4.9,Rhin-Meuse
028838300500,REMIREMONT,25667,4.554494333333333,42,67.1,5.1,Rhin-Meuse
025452800092,TOUL,25375,4.579869333333333,43,67.5,5.2,Rhin-Meuse
028830401257,MIRECOURT,25200,4.605069333333333,44,67.9,5.3,Rhin-Meuse
025703801095,AUDUN-LE-TICHE,24500,4.629569333333333,45,68.2,5.4,Rhin-Meuse
026752500844,SCHARRACHBERGHEIM,23975,4.653544333333333,46,68.6,5.5,Rhin-Meuse
026706701486,BRUMATH,23661.000000000004,4.677205333333333,47,68.9,5.7,Rhin-Meuse
025726901252,GUENANGE,23625,4.700830333333333,48,69.3,5.8,Rhin-Meuse
026752902408,WEYERSHEIM,23133.333333333336,4.723963666666666,49,69.6,5.9,Rhin-Meuse
025716000147,CREUTZWALD,22925,4.746888666666666,50,69.9,6,Rhin-Meuse
026730000350,MOLSHEIM,22500,4.769388666666666,51,70.3,6.1,Rhin-Meuse
026808201949,ENSISHEIM,21166.666666666668,4.790555333333333,52,70.6,6.3,Rhin-Meuse
025760601316,SAINT-AVOLD,20385,4.810940333333333,53,70.9,6.4,Rhin-Meuse
026837501216,WITTELSHEIM,19260,4.830200333333333,54,71.2,6.5,Rhin-Meuse
025704300120,AY-SUR-MOSELLE,19250,4.849450333333333,55,71.5,6.6,Rhin-Meuse
026710800307,DUPPIGHEIM,19100,4.868550333333333,56,71.7,6.7,Rhin-Meuse
026746300392,SELTZ,18783,4.887333333333333,57,72,6.9,Rhin-Meuse
020819000808,GIVET,18550,4.905883333333333,58,72.3,7,Rhin-Meuse
026810802170,GRENTZINGEN,18333.333333333336,4.924216666666666,59,72.6,7.1,Rhin-Meuse
025720701980,FAREBERSVILLER,17800,4.942016666666666,60,72.8,7.2,Rhin-Meuse
026800401101,ALTKIRCH,17550,4.9595666666666665,61,73.1,7.3,Rhin-Meuse
026710601211,DRUSENHEIM,17325,4.976891666666666,62,73.3,7.5,Rhin-Meuse
026745801348,SCHWEIGHOUSE-SUR-MODER,17325,4.994216666666666,63,73.6,7.6,Rhin-Meuse
026731701232,VILLE,17300,5.011516666666666,64,73.8,7.7,Rhin-Meuse
025736000195,KERBACH,17200,5.028716666666666,65,74.1,7.8,Rhin-Meuse
026717701884,GUNSTETT,16583.333333333336,5.045299999999999,66,74.3,8,Rhin-Meuse
026821700447,MOOSCH,16537,5.061836999999999,67,74.6,8.1,Rhin-Meuse
025743301717,MAIZIERES-LES-METZ,16425,5.078261999999999,68,74.8,8.2,Rhin-Meuse
028837200815,RAON-L'ETAPE-BERTRICHAMPS,16187.000000000002,5.094448999999999,69,75.1,8.3,Rhin-Meuse
025715900146,CREHANGE,16166.000000000002,5.110614999999999,70,75.3,8.4,Rhin-Meuse
026712801347,ERNOLSHEIM-SUR-BRUCHE,15750,5.126364999999999,71,75.5,8.6,Rhin-Meuse
026830901663,SIERENTZ,15750,5.142114999999999,72,75.8,8.7,Rhin-Meuse
025427301454,JARNY,15633,5.157747999999999,73,76,8.8,Rhin-Meuse
028832101645,NEUFCHATEAU,15376,5.173123999999999,74,76.2,8.9,Rhin-Meuse
028846501739,THAON-LES-VOSGES,15200,5.188323999999999,75,76.4,9,Rhin-Meuse
028846802594,LE THILLOT,14833.333333333334,5.2031573333333325,76,76.7,9.2,Rhin-Meuse
025774602119,WILLERWALD,14666.666666666668,5.217823999999999,77,76.9,9.3,Rhin-Meuse
026737200761,PFAFFENHOFFEN,14583,5.232406999999999,78,77.1,9.4,Rhin-Meuse
025409901483,BRIEY,14377,5.246783999999999,79,77.3,9.5,Rhin-Meuse
026717301445,GRIESHEIM-SUR-SOUFFEL,14350,5.261133999999999,80,77.5,9.6,Rhin-Meuse
026700101841,ACHENHEIM,14080,5.275213999999999,81,77.7,9.8,Rhin-Meuse
028836700498,RAMBERVILLERS,14000,5.289213999999999,82,77.9,9.9,Rhin-Meuse
020836301220,REVIN,13635,5.302848999999999,83,78.1,10,Rhin-Meuse
020822201356,FUMAY,13500,5.316348999999999,84,78.3,10.1,Rhin-Meuse
026729202258,MIETESHEIM,13233.333333333334,5.329582333333332,85,78.5,10.2,Rhin-Meuse
026728901967,MENCHHOFFEN,13166.666666666668,5.342748999999999,86,78.7,10.4,Rhin-Meuse
026741100816,ROSHEIM,13125,5.355873999999999,87,78.9,10.5,Rhin-Meuse
026744800762,SCHIRMECK,13066.000000000002,5.368939999999999,88,79.1,10.6,Rhin-Meuse
028807501233,LA BRESSE,12600,5.381539999999999,89,79.3,10.7,Rhin-Meuse
025722401662,FOLSCHVILLER,12150,5.393689999999999,90,79.5,10.8,Rhin-Meuse
026732400361,NIEDERBRONN,12000,5.405689999999999,91,79.7,11,Rhin-Meuse
026719200328,HERBSHEIM,11666.000000000002,5.417355999999999,92,79.8,11.1,Rhin-Meuse
025454901405,VARANGEVILLE,11500,5.428855999999999,93,80,11.2,Rhin-Meuse
026709501456,DIEMERINGEN,11475,5.440330999999999,94,80.2,11.3,Rhin-Meuse
026728100845,MARCKOLSHEIM,11375,5.451705999999999,95,80.3,11.4,Rhin-Meuse
026826900454,RIBEAUVILLE,11300,5.463005999999999,96,80.5,11.6,Rhin-Meuse
025512200097,COMMERCY,11200,5.474205999999999,97,80.7,11.7,Rhin-Meuse
025415901524,DOMBASLE-SUR-MEURTHE,11160,5.485365999999999,98,80.8,11.8,Rhin-Meuse
020849102210,VRIGNE-AUX-BOIS,11000,5.496365999999999,99,81,11.9,Rhin-Meuse
025728801776,HAM-SOUS-VARSBERG,10980,5.507345999999999,100,81.1,12,Rhin-Meuse
026716302270,GOUGENHEIM,10916.666666666668,5.518262666666666,101,81.3,12.2,Rhin-Meuse
020842903460,SORMONNE,10833.333333333334,5.529095999999999,102,81.5,12.3,Rhin-Meuse
026715402035,GERSTHEIM,10833.333333333334,5.539929333333332,103,81.6,12.4,Rhin-Meuse
025733600198,L'HOPITAL,10790,5.5507193333333325,104,81.8,12.5,Rhin-Meuse
028815801225,ELOYES,10687,5.561406333333332,105,81.9,12.7,Rhin-Meuse
026708901242,DETTWILLER,10620.000000000002,5.572026333333332,106,82.1,12.8,Rhin-Meuse
025738001952,LANEUVEVILLE-LES-LORQUIN,10533.333333333334,5.582559666666665,107,82.3,12.9,Rhin-Meuse
028809002410,CHARMES,10083.333333333334,5.592642999999998,108,82.4,13,Rhin-Meuse
026743402593,SARRESUD,10000,5.602642999999998,109,82.6,13.1,Rhin-Meuse
025511100096,CHAUVONCOURT/SAINT-MIHIEL,9855,5.612497999999998,110,82.7,13.3,Rhin-Meuse
020832801510,NOUZONVILLE,9743.000000000002,5.622240999999998,111,82.8,13.4,Rhin-Meuse
020805302198,BAZEILLES,9666.666666666668,5.631907666666665,112,83,13.5,Rhin-Meuse
025415202416,DAMELEVIERES,9633.333333333334,5.641540999999998,113,83.1,13.6,Rhin-Meuse
028816501289,ETIVAL-CLAIREFONTAINE,9540,5.651080999999998,114,83.3,13.7,Rhin-Meuse
025732301339,HETTANGE-GRANDE,9400,5.660480999999998,115,83.4,13.9,Rhin-Meuse
026746001617,SCHWINDRATZHEIM,9135,5.669615999999998,116,83.5,14,Rhin-Meuse
026719400329,HERRLISHEIM,9050,5.678665999999998,117,83.7,14.1,Rhin-Meuse
026740900380,ROPPENHEIM,8775,5.687440999999998,118,83.8,14.2,Rhin-Meuse
025431802418,LIVERDUN,8766.666666666668,5.696207666666665,119,83.9,14.3,Rhin-Meuse
025708900129,BITCHE,8700,5.704907666666665,120,84.1,14.5,Rhin-Meuse
020827601404,MARGUT,8675,5.713582666666665,121,84.2,14.6,Rhin-Meuse
028810601968,BAN-SUR-MEURTHE-CLEFCY,8633.333333333334,5.722215999999998,122,84.3,14.7,Rhin-Meuse
026752000406,WASSELONNE,8600,5.730815999999998,123,84.4,14.8,Rhin-Meuse
026823001236,NAMBSHEIM,8550,5.739365999999998,124,84.6,14.9,Rhin-Meuse
025717902253,DISTROFF-METZERVISSE,8416.666666666668,5.747782666666665,125,84.7,15.1,Rhin-Meuse
026817500444,LAPOUTROIE,8415,5.756197666666665,126,84.8,15.2,Rhin-Meuse
026706900299,BUHL,8350,5.764547666666665,127,84.9,15.3,Rhin-Meuse
026732500362,NIEDERHASLACH,8100,5.772647666666665,128,85.1,15.4,Rhin-Meuse
025403901313,BACCARAT,7740,5.780387666666665,129,85.2,15.5,Rhin-Meuse
026815200437,ILLFURTH,7700,5.788087666666665,130,85.3,15.7,Rhin-Meuse
025233202280,VAL-DE-MEUSE MONTIGNY-LE-,7500,5.795587666666665,131,85.4,15.8,Rhin-Meuse
025710601462,BOUZONVILLE,7500,5.8030876666666655,132,85.5,15.9,Rhin-Meuse
025737001965,KOENIGSMACKER,7500,5.810587666666665,133,85.6,16,Rhin-Meuse
028814801924,DOMMARTIN-LES-REMIREMONT,7500,5.818087666666665,134,85.7,16.1,Rhin-Meuse
026803601697,BIESHEIM,7493,5.825580666666665,135,85.8,16.3,Rhin-Meuse
026820102146,MASEVAUX,7333.333333333334,5.832913999999998,136,85.9,16.4,Rhin-Meuse
025741301943,LONGEVILLE-LES-ST-AVOLD,7250,5.840163999999998,137,86.1,16.5,Rhin-Meuse
026733902359,BETSCHDORF,7166.666666666667,5.847330666666665,138,86.2,16.6,Rhin-Meuse
026725401212,KUTZENHAUSEN,7155,5.854485666666665,139,86.3,16.7,Rhin-Meuse
026730101266,MOMMENHEIM,7133.000000000001,5.861618666666665,140,86.4,16.9,Rhin-Meuse
026747200394,SOUFFLENHEIM,7000,5.8686186666666655,141,86.5,17,Rhin-Meuse
028832700497,NOMEXY,6975,5.875593666666665,142,86.6,17.1,Rhin-Meuse
025415702142,DIEULOUARD,6900,5.882493666666665,143,86.7,17.2,Rhin-Meuse
025720901143,FAULQUEMONT AMONT,6800,5.889293666666665,144,86.8,17.3,Rhin-Meuse
025432201624,LONGUYON,6795,5.896088666666665,145,86.9,17.5,Rhin-Meuse
026835200465,VOLGELSHEIM,6750,5.902838666666665,146,87,17.6,Rhin-Meuse
028844500506,SAULCY-SUR-MEURTHE,6750,5.909588666666665,147,87.1,17.7,Rhin-Meuse
025430502141,LAY-SAINT-CHRISTOPHE,6666.666666666667,5.916255333333332,148,87.2,17.8,Rhin-Meuse
026728300347,MARMOUTIER,6650,5.922905333333332,149,87.3,18,Rhin-Meuse
026739701487,RHINAU,6579,5.929484333333332,150,87.4,18.1,Rhin-Meuse
026738800376,REICHSHOFFEN,6500,5.935984333333332,151,87.5,18.2,Rhin-Meuse
026811500431,GUEWENHEIM,6500,5.942484333333332,152,87.6,18.3,Rhin-Meuse
025735501343,KALHAUSEN,6390,5.9488743333333325,153,87.7,18.4,Rhin-Meuse
028808602188,CHAMP-LE-DUC,6333.333333333334,5.955207666666665,154,87.7,18.6,Rhin-Meuse
025550200110,STENAY,6300,5.961507666666665,155,87.8,18.7,Rhin-Meuse
025733801815,HOTTVILLER,6300,5.9678076666666655,156,87.9,18.8,Rhin-Meuse
025748301342,MORHANGE,6300,5.974107666666665,157,88,18.9,Rhin-Meuse
026749501123,TRUCHTERSHEIM,6125,5.980232666666665,158,88.1,19,Rhin-Meuse
026825802360,PULVERSHEIM,6083.333333333334,5.986315999999998,159,88.2,19.2,Rhin-Meuse
025702602130,APACH,5833.333333333334,5.992149333333331,160,88.3,19.3,Rhin-Meuse
026752800407,WEYER,5833.000000000001,5.997982333333331,161,88.4,19.4,Rhin-Meuse
025409000047,BOUXIERES-AUX-DAMES,5800,6.003782333333331,162,88.5,19.5,Rhin-Meuse
026753500409,WIMMENAU,5750,6.009532333333331,163,88.5,19.6,Rhin-Meuse
020848600758,VIREUX-MOLHAIN,5670,6.015202333333331,164,88.6,19.8,Rhin-Meuse
025406002228,BELLEVILLE-MARBACHE,5666.666666666667,6.0208689999999985,165,88.7,19.9,Rhin-Meuse
026820501325,MEYENHEIM,5580,6.026448999999998,166,88.8,20,Rhin-Meuse
026720600331,HOFFEN,5500,6.031948999999998,167,88.9,20.1,Rhin-Meuse
026726100340,LAUTERBOURG,5500,6.037448999999998,168,89,20.2,Rhin-Meuse
026802800418,BERGHEIM,5500,6.042948999999998,169,89,20.4,Rhin-Meuse
026808800429,FELDKIRCH,5500,6.048448999999998,170,89.1,20.5,Rhin-Meuse
025755602051,PUTTELANGE-AUX-LACS,5416.666666666667,6.053865666666665,171,89.2,20.6,Rhin-Meuse
025754001526,PHALSBOURG SUD,5400,6.059265666666665,172,89.3,20.7,Rhin-Meuse
026837801946,WOLFERSDORF,5350,6.064615666666665,173,89.4,20.8,Rhin-Meuse
025720500158,FALCK DALEM,5333.000000000001,6.069948666666665,174,89.4,21,Rhin-Meuse
026736102097,OLWISHEIM,5200,6.075148666666665,175,89.5,21.1,Rhin-Meuse
025717701596,DIEUZE,5107,6.080255666666665,176,89.6,21.2,Rhin-Meuse
025729901597,HARTZVILLER,5040,6.085295666666665,177,89.7,21.3,Rhin-Meuse
025754701244,POMMERIEUX,5033.000000000001,6.090328666666665,178,89.7,21.4,Rhin-Meuse
025518100099,ETAIN,5000,6.095328666666665,179,89.8,21.6,Rhin-Meuse
025771401481,HAUTE-VIGNEULLES,5000,6.100328666666665,180,89.9,21.7,Rhin-Meuse
028848300512,UXEGNEY,5000,6.105328666666665,181,90,21.8,Rhin-Meuse
025500901707,ANCEMONT,4950,6.110278666666665,182,90,21.9,Rhin-Meuse
025441501738,PAGNY-SUR-MOSELLE,4850,6.115128666666665,183,90.1,22,Rhin-Meuse
026706100297,BOUXWILLER,4800,6.119928666666665,184,90.2,22.2,Rhin-Meuse
026802001798,BANTZENHEIM,4725,6.124653666666665,185,90.2,22.3,Rhin-Meuse
020831101595,MOUZON,4716.666666666667,6.129370333333332,186,90.3,22.4,Rhin-Meuse
025763300259,SARREINSMING,4600,6.133970333333332,187,90.4,22.5,Rhin-Meuse
025756101598,MONTBRONN,4455,6.138425333333332,188,90.4,22.7,Rhin-Meuse
026732700363,NIEDERLAUTERBACH,4400,6.142825333333332,189,90.5,22.8,Rhin-Meuse
026718000322,MARIENTHAL,4350,6.147175333333332,190,90.6,22.9,Rhin-Meuse
025732201951,HESTROFF,4333.333333333334,6.151508666666665,191,90.6,23,Rhin-Meuse
026825301102,OTTMARSHEIM,4283.333333333334,6.155791999999998,192,90.7,23.1,Rhin-Meuse
026722101529,INGOLSHEIM,4212,6.160003999999998,193,90.8,23.3,Rhin-Meuse
025400700036,AINGERAY,4200,6.164203999999998,194,90.8,23.4,Rhin-Meuse
025712401448,CATTENOM,4200,6.168403999999998,195,90.9,23.5,Rhin-Meuse
025775200288,WOUSTVILLER,4200,6.172603999999998,196,91,23.6,Rhin-Meuse
025423400061,GORCY,4166.666666666667,6.176770666666665,197,91,23.7,Rhin-Meuse
025769702151,VASPERVILLER,4166.666666666667,6.180937333333332,198,91.1,23.9,Rhin-Meuse
020830201509,MONTHERME,4150,6.185087333333332,199,91.1,24,Rhin-Meuse
025711702120,BUDING,4042,6.189129333333332,200,91.2,24.1,Rhin-Meuse
025553302175,VAUCOULEURS,4033.3333333333335,6.193162666666665,201,91.3,24.2,Rhin-Meuse
025760600265,SAINT-AVOLD JEANNE D'ARC,4000,6.1971626666666655,202,91.3,24.3,Rhin-Meuse
026734700369,OBERMODERN,4000,6.201162666666665,203,91.4,24.5,Rhin-Meuse
026745302098,SCHOENAU,4000,6.2051626666666655,204,91.4,24.6,Rhin-Meuse
028809502044,CHATENOIS,4000,6.209162666666665,205,91.5,24.7,Rhin-Meuse
025431401901,LEXY,4000,6.2131626666666655,206,91.5,24.8,Rhin-Meuse
025535102144,MONTMEDY,3916.666666666667,6.2170793333333325,207,91.6,24.9,Rhin-Meuse
025715501716,COURCELLES-CHAUSSY,3900,6.220979333333332,208,91.7,25.1,Rhin-Meuse
020814200009,DONCHERY,3825,6.224804333333332,209,91.7,25.2,Rhin-Meuse
028827001226,LIFFOL-LE-GRAND,3735,6.228539333333332,210,91.8,25.3,Rhin-Meuse
025415001455,CUSTINES,3700,6.232239333333332,211,91.8,25.4,Rhin-Meuse
025423201741,GONDREVILLE,3600,6.235839333333332,212,91.9,25.5,Rhin-Meuse
020821802159,LES HAUTES-RIVIERES,3500,6.239339333333332,213,91.9,25.7,Rhin-Meuse
025746001816,MERTEN,3500,6.2428393333333325,214,92,25.8,Rhin-Meuse
025748200224,MONTOY-FLANVILLE,3500,6.246339333333332,215,92,25.9,Rhin-Meuse
025757200247,REMILLY,3500,6.249839333333332,216,92.1,26,Rhin-Meuse
025758900249,ROHRBACH-LES-BITCHE,3500,6.253339333333332,217,92.1,26.1,Rhin-Meuse
026718500326,HATTMATT,3500,6.256839333333332,218,92.2,26.3,Rhin-Meuse
026747600396,STATTMATTEN,3500,6.260339333333332,219,92.2,26.4,Rhin-Meuse
026809202558,FISLIS,3500,6.263839333333332,220,92.3,26.5,Rhin-Meuse
025719601953,ERCHING,3433.3333333333335,6.267272666666665,221,92.3,26.6,Rhin-Meuse
025515801974,DOMMARY-BARONCOURT,3416.666666666667,6.2706893333333324,222,92.4,26.7,Rhin-Meuse
020809000004,CARIGNAN,3400,6.2740893333333325,223,92.4,26.9,Rhin-Meuse
025758801818,RODEMACK,3400,6.277489333333332,224,92.5,27,Rhin-Meuse
025713200139,CHATEAU-SALINS,3375,6.280864333333332,225,92.5,27.1,Rhin-Meuse
025446200086,ROSIERES-AUX-SALINES,3300,6.284164333333332,226,92.6,27.2,Rhin-Meuse
025702800116,ARGANCY,3300,6.287464333333332,227,92.6,27.3,Rhin-Meuse
026737800375,PLOBSHEIM,3300,6.290764333333332,228,92.7,27.5,Rhin-Meuse
028848600513,VAGNEY,3285,6.294049333333332,229,92.7,27.6,Rhin-Meuse
026729902033,MOLLKIRCH,3283.3333333333335,6.297332666666665,230,92.8,27.7,Rhin-Meuse
028840801877,RUPT-SUR-MOSELLE,3250,6.300582666666665,231,92.8,27.8,Rhin-Meuse
020835701857,REMILLY-AILLICOURT,3233.3333333333335,6.3038159999999985,232,92.9,28,Rhin-Meuse
025727501478,GUESSLING-HEMERING,3227,6.307042999999998,233,92.9,28.1,Rhin-Meuse
025428901753,LAITRE-SOUS-AMANCE,3225,6.310267999999998,234,93,28.2,Rhin-Meuse
025727301950,GUERSTLING,3200,6.3134679999999985,235,93,28.3,Rhin-Meuse
026726500802,LICHTENBERG,3168.0000000000005,6.316635999999998,236,93.1,28.4,Rhin-Meuse
026752201269,WEISLINGEN,3114,6.319749999999998,237,93.1,28.6,Rhin-Meuse
025776001823,ZETTING,3100,6.322849999999998,238,93.2,28.7,Rhin-Meuse
026703402541,BERSTETT,3100,6.325949999999998,239,93.2,28.8,Rhin-Meuse
028821801632,GRANGES-SUR-VOLOGNE,3006.0000000000005,6.328955999999998,240,93.3,28.9,Rhin-Meuse
025406102099,BENAMENIL,3000,6.331955999999998,241,93.3,29,Rhin-Meuse
025754000235,PHALSBOURG NORD,3000,6.334955999999998,242,93.3,29.2,Rhin-Meuse
026726300342,LEMBACH,3000,6.337955999999998,243,93.4,29.3,Rhin-Meuse
028810102445,CHENIMENIL,3000,6.3409559999999985,244,93.4,29.4,Rhin-Meuse
025746402055,METZERESCHE,2916.666666666667,6.343872666666665,245,93.5,29.5,Rhin-Meuse
026822501945,MUNCHHOUSE,2916.666666666667,6.346789333333332,246,93.5,29.6,Rhin-Meuse
028851302487,VINCEY,2916.666666666667,6.349705999999999,247,93.6,29.8,Rhin-Meuse
026809001873,FERRETTE,2871,6.352576999999999,248,93.6,29.9,Rhin-Meuse
028801102476,ARCHES,2833,6.355409999999999,249,93.6,30,Rhin-Meuse
020836700026,ROCROI,2800,6.358209999999999,250,93.7,30.1,Rhin-Meuse
025725000170,GOETZENBRUCK,2800,6.361009999999999,251,93.7,30.2,Rhin-Meuse
025418101399,CRUSNES ERROUVILLE,2745,6.363754999999999,252,93.8,30.4,Rhin-Meuse
025733000188,HOLVING,2700,6.366454999999999,253,93.8,30.5,Rhin-Meuse
025404002444,BADONVILLER,2683.3333333333335,6.369138333333332,254,93.8,30.6,Rhin-Meuse
025759800251,ROUHLING,2600,6.371738333333332,255,93.9,30.7,Rhin-Meuse
025760001819,ROUSSY-LE-VILLAGE,2600,6.374338333333332,256,93.9,30.8,Rhin-Meuse
026748701699,SURBOURG,2596,6.376934333333332,257,94,31,Rhin-Meuse
025715600145,COURCELLES-SUR-NIED,2550,6.379484333333332,258,94,31.1,Rhin-Meuse
028844700507,SAULXURES-SUR-MOSELOTTE,2533,6.382017333333332,259,94,31.2,Rhin-Meuse
025741901321,LOUPERSHOUSE,2500,6.384517333333332,260,94.1,31.3,Rhin-Meuse
028807903364,BULGNEVILLE,2500,6.387017333333332,261,94.1,31.4,Rhin-Meuse
026731000367,OBERBRONN,2450,6.389467333333332,262,94.1,31.6,Rhin-Meuse
026734000368,ZINSWILLER,2450,6.391917333333332,263,94.2,31.7,Rhin-Meuse
026813400435,HERRLISHEIM-PRES-COLMAR,2450,6.394367333333332,264,94.2,31.8,Rhin-Meuse
026830502498,SEPPOIS-LE-BAS,2433.3333333333335,6.396800666666665,265,94.3,31.9,Rhin-Meuse
025405402475,BAYON,2416.666666666667,6.399217333333332,266,94.3,32,Rhin-Meuse
028815102419,DOMPAIRE,2416.666666666667,6.401633999999999,267,94.3,32.2,Rhin-Meuse
025402900039,AUDUN-LE-ROMAN,2416,6.404049999999999,268,94.4,32.3,Rhin-Meuse
026815702471,JEBSHEIM,2383.3333333333335,6.406433333333332,269,94.4,32.4,Rhin-Meuse
025734601737,INSMING,2366.666666666667,6.408799999999999,270,94.4,32.5,Rhin-Meuse
025454802260,VANNES-LE-CHATEL,2333.3333333333335,6.411133333333332,271,94.5,32.7,Rhin-Meuse
025447202449,SAINT-CLEMENT,2300,6.413433333333332,272,94.5,32.8,Rhin-Meuse
025757100246,REMERING-LES-PUTTELANGE,2300,6.415733333333332,273,94.5,32.9,Rhin-Meuse
028842900505,SAINT-NABORD,2300,6.418033333333332,274,94.6,33,Rhin-Meuse
025771201217,VIC/SEILLE,2280.0000000000005,6.420313333333332,275,94.6,33.1,Rhin-Meuse
020826300013,LUMES,2250,6.422563333333332,276,94.6,33.3,Rhin-Meuse
025771601888,VIGY,2250,6.424813333333332,277,94.7,33.4,Rhin-Meuse
026733102207,NIEDERSCHAEFFOLSHEIM,2250,6.427063333333332,278,94.7,33.5,Rhin-Meuse
026735500370,OERMINGEN,2205.0000000000005,6.429268333333332,279,94.7,33.6,Rhin-Meuse
025410402118,BUISSONCOURT,2200,6.431468333333332,280,94.8,33.7,Rhin-Meuse
025524500103,MADINE LES EPINOTTES,2200,6.433668333333332,281,94.8,33.9,Rhin-Meuse
020836101637,RENWEZ,2170,6.435838333333332,282,94.8,34,Rhin-Meuse
020832702123,NOUVION-SUR-MEUSE,2166.666666666667,6.438004999999999,283,94.9,34.1,Rhin-Meuse
026834500463,URSCHENHEIM,2166,6.440170999999999,284,94.9,34.2,Rhin-Meuse
025749900228,NEUFGRANGE,2100,6.442270999999999,285,94.9,34.3,Rhin-Meuse
028836901735,RAMONCHAMP,2100,6.444370999999999,286,95,34.5,Rhin-Meuse
025725401954,GORZE,2050,6.446420999999999,287,95,34.6,Rhin-Meuse
026719100780,HERBITZHEIM,2050,6.448470999999999,288,95,34.7,Rhin-Meuse
026723400336,KESKASTEL,2050,6.450520999999999,289,95,34.8,Rhin-Meuse
025735000192,JOUY-AUX-ARCHES,2033.0000000000002,6.452553999999999,290,95.1,34.9,Rhin-Meuse
025418801845,FAULX,2025,6.454578999999999,291,95.1,35.1,Rhin-Meuse
025417602423,EINVILLE-AU-JARD,2000,6.456578999999999,292,95.1,35.2,Rhin-Meuse
025450901425,SOMMERVILLER,2000,6.458578999999999,293,95.2,35.3,Rhin-Meuse
025740901878,LIXING-LES-SAINT-AVOLD,1966.6666666666667,6.460545666666666,294,95.2,35.4,Rhin-Meuse
025739401651,LENING,1954,6.462499666666666,295,95.2,35.5,Rhin-Meuse
028835802604,POUXEUX,1916.6666666666667,6.464416333333333,296,95.3,35.7,Rhin-Meuse
025422202621,GERBEVILLER- HAUDONVILLE,1883.3333333333335,6.466299666666666,297,95.3,35.8,Rhin-Meuse
025557302065,VOID-VACON,1816.6666666666667,6.468116333333333,298,95.3,35.9,Rhin-Meuse
020834300022,POURU-SAINT-REMY,1800,6.469916333333333,299,95.3,36,Rhin-Meuse
025216200031,DAMMARTIN-SUR-MEUSE,1800,6.471716333333333,300,95.4,36.1,Rhin-Meuse
025715300142,CORNY/MOSELLE,1800,6.473516333333333,301,95.4,36.3,Rhin-Meuse
025730100185,HASPELSCHIEDT,1800,6.475316333333333,302,95.4,36.4,Rhin-Meuse
028802600482,AYDOILLES,1800,6.477116333333333,303,95.4,36.5,Rhin-Meuse
025774901911,VOELFLING-LES-BOUZONVILLE,1800,6.478916333333333,304,95.5,36.6,Rhin-Meuse
026831900461,SPECHBACH-LE-BAS,1783.0000000000002,6.480699333333333,305,95.5,36.7,Rhin-Meuse
025518402496,EUVILLE,1750,6.482449333333333,306,95.5,36.9,Rhin-Meuse
026741500382,ROTHBACH,1750,6.484199333333333,307,95.5,37,Rhin-Meuse
026801802564,BALSCHWILLER,1750,6.485949333333333,308,95.6,37.1,Rhin-Meuse
026825200450,OSTHEIM,1750,6.487699333333333,309,95.6,37.2,Rhin-Meuse
028808100474,BUSSANG,1750,6.489449333333333,310,95.6,37.3,Rhin-Meuse
025454602091,VANDIERES,1733.3333333333335,6.491182666666666,311,95.6,37.5,Rhin-Meuse
026737100373,LA PETITE-PIERRE,1700,6.492882666666666,312,95.7,37.6,Rhin-Meuse
028813200483,DEYVILLERS,1700,6.494582666666666,313,95.7,37.7,Rhin-Meuse
025753301421,PANGE,1667,6.4962496666666665,314,95.7,37.8,Rhin-Meuse
025407702578,BLAMONT,1666.6666666666667,6.497916333333333,315,95.7,38,Rhin-Meuse
025757402453,BASSE-RENTGEN,1666.6666666666667,6.499583,316,95.8,38.1,Rhin-Meuse
026801900801,BALTZENHEIM,1660,6.501243,317,95.8,38.2,Rhin-Meuse
025436400076,MEREVILLE,1650,6.502893,318,95.8,38.3,Rhin-Meuse
026808602152,FALKWILLER,1633.3333333333335,6.504526333333333,319,95.8,38.4,Rhin-Meuse
025442800082,PIERREPONT,1600,6.5061263333333335,320,95.9,38.6,Rhin-Meuse
025528800764,LEROUVILLE,1600,6.507726333333333,321,95.9,38.7,Rhin-Meuse
028826200492,LAVELINE-DEVANT-BRUYERES,1600,6.509326333333333,322,95.9,38.8,Rhin-Meuse
025725201314,GOMELANGE,1575,6.510901333333333,323,95.9,38.9,Rhin-Meuse
025440002381,NOMENY,1500,6.512401333333333,324,96,39,Rhin-Meuse
025456302590,VEZELISE,1500,6.513901333333333,325,96,39.2,Rhin-Meuse
028808201224,CELLES-SUR-PLAINE,1500,6.515401333333333,326,96,39.3,Rhin-Meuse
020808102285,BOGNY-SUR-MEUSE_BRAUX,1483.3333333333335,6.516884666666666,327,96,39.4,Rhin-Meuse
025446502534,ROVILLE-DEVANT-BAYON,1483.3333333333335,6.518367999999999,328,96,39.5,Rhin-Meuse
025717101770,DELME,1430,6.519797999999999,329,96.1,39.6,Rhin-Meuse
028820601809,GIRONCOURT-SUR-VRAINE,1420,6.521217999999999,330,96.1,39.8,Rhin-Meuse
025405501733,BAYONVILLE-SUR-MAD,1400,6.522617999999999,331,96.1,39.9,Rhin-Meuse
025539802173,PAGNY-SUR-MEUSE,1400,6.524017999999999,332,96.1,40,Rhin-Meuse
025765501296,SOLGNE,1395,6.5254129999999995,333,96.1,40.1,Rhin-Meuse
025745400218,MECLEUVES,1373,6.526785999999999,334,96.2,40.2,Rhin-Meuse
025457101861,VILLE-EN-VERMOIS,1370,6.528155999999999,335,96.2,40.4,Rhin-Meuse
020808102286,BOGNY/MEUSE_CHATEAU REGN,1350,6.529505999999999,336,96.2,40.5,Rhin-Meuse
025745301927,MAXSTADT,1350,6.530855999999999,337,96.2,40.6,Rhin-Meuse
025757902057,RHODES,1350,6.532205999999999,338,96.2,40.7,Rhin-Meuse
026829100457,RUMERSHEIM-LE-HAUT,1350,6.533555999999999,339,96.3,40.8,Rhin-Meuse
028825801839,LAMARCHE,1350,6.534905999999999,340,96.3,41,Rhin-Meuse
025755702187,PUTTELANGE-LES-THIONVILLE,1333.3333333333335,6.536239333333332,341,96.3,41.1,Rhin-Meuse
025441102192,BENNEY,1316.6666666666667,6.5375559999999995,342,96.3,41.2,Rhin-Meuse
025738202238,LANGATTE HAUT-CLOCHER,1316.6666666666667,6.538872666666666,343,96.3,41.3,Rhin-Meuse
025451801580,THIAUCOURT,1300,6.540172666666666,344,96.4,41.4,Rhin-Meuse
026803201708,BERRWILLER,1300,6.541472666666666,345,96.4,41.6,Rhin-Meuse
028801102476,ARCHES,1300,6.542772666666666,346,96.4,41.7,Rhin-Meuse
025411202094,CHAMBLEY-BUSSIERES,1283.3333333333335,6.544055999999999,347,96.4,41.8,Rhin-Meuse
025768401957,VAHL-EBERSING,1283.3333333333335,6.545339333333332,348,96.4,41.9,Rhin-Meuse
025744501906,MARIEULLES VEZON,1266.6666666666667,6.546605999999999,349,96.5,42,Rhin-Meuse
025721201309,FEY,1260,6.547865999999999,350,96.5,42.2,Rhin-Meuse
025764400262,SEINGBOUSE,1250,6.549115999999999,351,96.5,42.3,Rhin-Meuse
025522802265,HANNONVILLE-SS-LES-COTES,1233.3333333333335,6.550349333333332,352,96.5,42.4,Rhin-Meuse
025549601975,SORCY-SAINT-MARTIN,1233.3333333333335,6.551582666666665,353,96.5,42.5,Rhin-Meuse
025458400818,VILLEY-SAINT-ETIENNE,1230,6.552812666666665,354,96.6,42.7,Rhin-Meuse
028809800479,CHAUMOUSEY SANCHEY,1230,6.554042666666665,355,96.6,42.8,Rhin-Meuse
025438501424,MORFONTAINE,1200,6.555242666666665,356,96.6,42.9,Rhin-Meuse
025761501820,SAINT-JEAN-ROHRBACH,1200,6.5564426666666655,357,96.6,43,Rhin-Meuse
026811300430,GUEMAR,1200,6.557642666666665,358,96.6,43.1,Rhin-Meuse
025715202231,CONTZ-LES-BAINS,1183.3333333333335,6.558825999999998,359,96.6,43.3,Rhin-Meuse
025721800163,FLEURY,1160,6.5599859999999985,360,96.7,43.4,Rhin-Meuse
020828401553,LES MAZURES,1150,6.5611359999999985,361,96.7,43.5,Rhin-Meuse
025706002150,BENESTROFF,1150,6.5622859999999985,362,96.7,43.6,Rhin-Meuse
025742200209,LOUVIGNY,1150,6.5634359999999985,363,96.7,43.7,Rhin-Meuse
025750202317,NEUNKIRCHEN-LS-BOUZONVILL,1150,6.5645859999999985,364,96.7,43.9,Rhin-Meuse
025765400264,SILLY/NIED,1150,6.5657359999999985,365,96.7,44,Rhin-Meuse
026801400415,AUBURE,1150,6.5668859999999984,366,96.8,44.1,Rhin-Meuse
025413500051,COLOMBEY-LES-BELLES,1140.0000000000002,6.568025999999998,367,96.8,44.2,Rhin-Meuse
025773801767,WALDHOUSE,1125,6.569150999999998,368,96.8,44.3,Rhin-Meuse
025418902336,FAVIERES,1116.6666666666667,6.570267666666665,369,96.8,44.5,Rhin-Meuse
025431502602,LEYR,1116.6666666666667,6.571384333333332,370,96.8,44.6,Rhin-Meuse
026801702156,BALLERSDORF,1116.6666666666667,6.572500999999999,371,96.8,44.7,Rhin-Meuse
026818202424,LEYMEN,1116.6666666666667,6.573617666666666,372,96.9,44.8,Rhin-Meuse
020807801797,BOURG-FIDELE,1100,6.5747176666666665,373,96.9,44.9,Rhin-Meuse
025437402561,MONCEL-SUR-SEILLE,1100,6.575817666666666,374,96.9,45.1,Rhin-Meuse
025519802174,FRESNES-EN-WOEVRE,1100,6.576917666666666,375,96.9,45.2,Rhin-Meuse
025704203414,AVRICOURT-IGNEY,1100,6.578017666666666,376,96.9,45.3,Rhin-Meuse
025704600757,BAERENTHAL,1100,6.579117666666666,377,96.9,45.4,Rhin-Meuse
025766701963,TETERCHEN,1100,6.580217666666666,378,97,45.5,Rhin-Meuse
026700401660,ALLENWILLER,1100,6.581317666666666,379,97,45.7,Rhin-Meuse
025435302203,MARS-LA-TOUR,1083.3333333333335,6.582400999999999,380,97,45.8,Rhin-Meuse
026819401947,LUTTER RAEDERSDORF,1083.3333333333335,6.583484333333332,381,97,45.9,Rhin-Meuse
026820802425,MICHELBACH-LE-HAUT,1083.3333333333335,6.584567666666665,382,97,46,Rhin-Meuse
025402201796,ARNAVILLE,1080,6.585647666666665,383,97,46.1,Rhin-Meuse
025757601317,RETTEL,1075,6.586722666666665,384,97.1,46.3,Rhin-Meuse
025721000160,FENETRANGE,1050,6.587772666666665,385,97.1,46.4,Rhin-Meuse
025740800206,LIXING-LES-ROUHLING,1050,6.588822666666665,386,97.1,46.5,Rhin-Meuse
025770700281,VERNEVILLE,1050,6.589872666666665,387,97.1,46.6,Rhin-Meuse
025752300231,OGY,1033.3333333333335,6.590905999999998,388,97.1,46.7,Rhin-Meuse
025743902583,MANDEREN,1016.6666666666667,6.591922666666665,389,97.1,46.9,Rhin-Meuse
020828200015,MAUBERT-FONTAINE,1000,6.592922666666665,390,97.1,47,Rhin-Meuse
025407300819,BICQUELEY,1000,6.593922666666665,391,97.2,47.1,Rhin-Meuse
025408002096,BLENOD-LES-TOUL,1000,6.594922666666665,392,97.2,47.2,Rhin-Meuse
025755200242,POUILLY,1000,6.595922666666665,393,97.2,47.3,Rhin-Meuse
025774800287,WITTRING,1000,6.596922666666665,394,97.2,47.5,Rhin-Meuse
026811600432,GUNDOLSHEIM,1000,6.5979226666666655,395,97.2,47.6,Rhin-Meuse
026825702568,PFETTERHOUSE,1000,6.598922666666665,396,97.2,47.7,Rhin-Meuse
026827302045,RIESPACH,1000,6.599922666666665,397,97.2,47.8,Rhin-Meuse
028815701838,DOUNOUX,1000,6.600922666666665,398,97.3,48,Rhin-Meuse
028850003432,VENTRON,1000,6.601922666666665,399,97.3,48.1,Rhin-Meuse
025738201422,LANGATTE,993,6.602915666666665,400,97.3,48.2,Rhin-Meuse
025403802420,AZERAILLES,983.3333333333334,6.603898999999998,401,97.3,48.3,Rhin-Meuse
025713701813,CHEMINOT,983.3333333333334,6.6048823333333315,402,97.3,48.4,Rhin-Meuse
028828903492,MARTIGNY-LES-BAINS,983.3333333333334,6.605865666666664,403,97.3,48.6,Rhin-Meuse
025401602043,ANDILLY,966.6666666666667,6.606832333333331,404,97.3,48.7,Rhin-Meuse
025705700122,BECHY,966.6666666666667,6.607798999999998,405,97.4,48.8,Rhin-Meuse
025459502622,XERMAMENIL-LAMATH,950,6.608748999999998,406,97.4,48.9,Rhin-Meuse
025707201779,BETTELAINVILLE,950,6.609698999999998,407,97.4,49,Rhin-Meuse
028825100843,JEANMENIL,947,6.610645999999998,408,97.4,49.2,Rhin-Meuse
025432702185,LUCEY,933.3333333333334,6.6115793333333315,409,97.4,49.3,Rhin-Meuse
025748802458,MOUSSEY,933.3333333333334,6.612512666666664,410,97.4,49.4,Rhin-Meuse
025546702263,SAMPIGNY,916.6666666666667,6.613429333333331,411,97.4,49.5,Rhin-Meuse
025714000140,CHESNY,916.6666666666667,6.6143459999999985,412,97.5,49.6,Rhin-Meuse
025741602460,LORRY-MARDIGNY,916.6666666666667,6.615262666666665,413,97.5,49.8,Rhin-Meuse
026821202161,MOERNACH,916.6666666666667,6.616179333333332,414,97.5,49.9,Rhin-Meuse
020828400016,MAZURES (VIEILLES FORGES),900,6.617079333333332,415,97.5,50,Rhin-Meuse
020845700027,TOURNES,900,6.617979333333332,416,97.5,50.1,Rhin-Meuse
025731902343,HERNY,900,6.618879333333332,417,97.5,50.2,Rhin-Meuse
025737102236,HAUTE-KONTZ,900,6.619779333333332,418,97.5,50.4,Rhin-Meuse
025746900223,MITTERSHEIM,900,6.6206793333333325,419,97.6,50.5,Rhin-Meuse
026836700466,WIDENSOLEN,900,6.621579333333332,420,97.6,50.6,Rhin-Meuse
028822502032,HADOL,900,6.622479333333332,421,97.6,50.7,Rhin-Meuse
026803902531,BISEL,883.3333333333334,6.623362666666665,422,97.6,50.8,Rhin-Meuse
028835502603,PORTIEUX,883.3333333333334,6.6242459999999985,423,97.6,51,Rhin-Meuse
025712200138,CAPPEL,870.0000000000001,6.6251159999999985,424,97.6,51.1,Rhin-Meuse
025414802436,CROISMARE,850,6.625965999999998,425,97.6,51.2,Rhin-Meuse
025514502199,DAMVILLERS,850,6.626815999999998,426,97.6,51.3,Rhin-Meuse
025550002607,SPINCOURT,850,6.627665999999998,427,97.7,51.4,Rhin-Meuse
025726702149,VAL-DE-GUEBLANGE,850,6.6285159999999985,428,97.7,51.6,Rhin-Meuse
025742502239,LUPPY,850,6.629365999999998,429,97.7,51.7,Rhin-Meuse
026809802571,FRIESEN,850,6.630215999999998,430,97.7,51.8,Rhin-Meuse
028821200490,GRAND,850,6.631065999999998,431,97.7,51.9,Rhin-Meuse
025425202058,HAROUE,833.3333333333334,6.631899333333331,432,97.7,52,Rhin-Meuse
025427602337,JEANDELAINCOURT,833.3333333333334,6.632732666666664,433,97.7,52.2,Rhin-Meuse
025743102171,MAIZEROY,833.3333333333334,6.633565999999997,434,97.7,52.3,Rhin-Meuse
028824102438,HOUECOURT,833.3333333333334,6.63439933333333,435,97.8,52.4,Rhin-Meuse
026746800393,SILTZHEIM,830,6.6352293333333305,436,97.8,52.5,Rhin-Meuse
025410002382,BRIN-SUR-SEILLE,816.6666666666667,6.636045999999997,437,97.8,52.7,Rhin-Meuse
025774001907,WALDWISSE,816.6666666666667,6.636862666666664,438,97.8,52.8,Rhin-Meuse
026813702600,HINDLINGEN,816.6666666666667,6.637679333333331,439,97.8,52.9,Rhin-Meuse
028843001736,SAINT-OUEN-LES-PAREY,810,6.6384893333333315,440,97.8,53,Rhin-Meuse
025442600081,PIERRE-LA-TREICHE,800,6.639289333333331,441,97.8,53.1,Rhin-Meuse
025524500102,MADINE NONSARD,800,6.640089333333331,442,97.8,53.3,Rhin-Meuse
025555101629,VIGNEULLES-LS-HATTONCHATL,800,6.640889333333331,443,97.9,53.4,Rhin-Meuse
025721502139,FLASTROFF,800,6.641689333333331,444,97.9,53.5,Rhin-Meuse
025750901100,NITTING,797,6.6424863333333315,445,97.9,53.6,Rhin-Meuse
025744900216,MARSILLY,790,6.643276333333331,446,97.9,53.7,Rhin-Meuse
020834101327,POIX-TERRON,787,6.644063333333331,447,97.9,53.9,Rhin-Meuse
025445602574,REMEREVILLE,783.3333333333334,6.644846666666664,448,97.9,54,Rhin-Meuse
025509402264,BUZY-DARMONT,783.3333333333334,6.645629999999997,449,97.9,54.1,Rhin-Meuse
026825400451,PETIT-LANDAU,780,6.646409999999997,450,97.9,54.2,Rhin-Meuse
025701102183,ALBESTROFF,766.6666666666667,6.647176666666664,451,97.9,54.3,Rhin-Meuse
020849803440,WARNECOURT,750,6.647926666666664,452,98,54.5,Rhin-Meuse
025414302430,CREPEY,750,6.648676666666664,453,98,54.6,Rhin-Meuse
025452500091,TIERCELET,750,6.649426666666664,454,98,54.7,Rhin-Meuse
025756400245,RECHICOURT-LE-CHATEAU,750,6.650176666666664,455,98,54.8,Rhin-Meuse
025725302507,GONDREXANGE,733.3333333333334,6.650909999999997,456,98,54.9,Rhin-Meuse
025401101892,ALLONDRELLE-LA-MALMAISON,730,6.651639999999997,457,98,55.1,Rhin-Meuse
025753102243,OUDRENNE,716.6666666666667,6.652356666666664,458,98,55.2,Rhin-Meuse
026821602576,MOOSLARGUE,716.6666666666667,6.653073333333331,459,98,55.3,Rhin-Meuse
028811802140,COUSSEY,716.6666666666667,6.653789999999998,460,98,55.4,Rhin-Meuse
028847002048,LE THOLY,716.6666666666667,6.6545066666666655,461,98.1,55.5,Rhin-Meuse
025411801834,CHARENCY-VEZIN,705,6.655211666666665,462,98.1,55.7,Rhin-Meuse
025207400029,BREUVANNES,700,6.655911666666665,463,98.1,55.8,Rhin-Meuse
025404900042,BASLIEUX,700,6.656611666666665,464,98.1,55.9,Rhin-Meuse
025421400059,FROLOIS,700,6.657311666666665,465,98.1,56,Rhin-Meuse
025703000117,ARRY,700,6.658011666666665,466,98.1,56.1,Rhin-Meuse
025714802488,COLLIGNY,700,6.658711666666665,467,98.1,56.3,Rhin-Meuse
025762600254,SANRY-LES-VIGY,700,6.659411666666665,468,98.1,56.4,Rhin-Meuse
028804402189,BAZOILLES-SUR-MEUSE,700,6.6601116666666655,469,98.1,56.5,Rhin-Meuse
028838502605,REMONCOURT,700,6.660811666666665,470,98.1,56.6,Rhin-Meuse
020844802201,THILAY,683.3333333333334,6.661494999999998,471,98.2,56.7,Rhin-Meuse
025436202272,MERCY-LE-BAS,683.3333333333334,6.6621783333333315,472,98.2,56.9,Rhin-Meuse
025440502186,OCHEY,683.3333333333334,6.6628616666666645,473,98.2,57,Rhin-Meuse
025726202451,GROSTENQUIN,683.3333333333334,6.663544999999997,474,98.2,57.1,Rhin-Meuse
025403701755,AZELOT,670.0000000000001,6.664214999999997,475,98.2,57.2,Rhin-Meuse
025405903509,BELLEAU,666.6666666666667,6.664881666666664,476,98.2,57.3,Rhin-Meuse
025451402432,TELLANCOURT,666.6666666666667,6.665548333333331,477,98.2,57.5,Rhin-Meuse
025704002184,AULNOIS / SEILLE CRAINCOU,666.6666666666667,6.6662149999999984,478,98.2,57.6,Rhin-Meuse
025747602241,MONNEREN,666.6666666666667,6.666881666666665,479,98.2,57.7,Rhin-Meuse
026821502060,MONTREUX-VIEUX,666.6666666666667,6.6675483333333325,480,98.2,57.8,Rhin-Meuse
025720400157,FAILLY,650,6.668198333333332,481,98.3,58,Rhin-Meuse
025736102544,KERLING-LES-SIERCK,650,6.668848333333332,482,98.3,58.1,Rhin-Meuse
025746800222,MITTELBRONN,650,6.669498333333332,483,98.3,58.2,Rhin-Meuse
025754100237,PHILIPPSBOURG,650,6.670148333333332,484,98.3,58.3,Rhin-Meuse
025764801985,SERVIGNY-LES-RAVILLE,650,6.670798333333332,485,98.3,58.4,Rhin-Meuse
025747902121,MONTENACH,634,6.671432333333332,486,98.3,58.6,Rhin-Meuse
020844902211,THIN-LE-MOUTIER,633.3333333333334,6.672065666666665,487,98.3,58.7,Rhin-Meuse
025516902597,ECOUVIEZ,633.3333333333334,6.672698999999998,488,98.3,58.8,Rhin-Meuse
026720800332,HOHENGOEFT,633.3333333333334,6.673332333333331,489,98.3,58.9,Rhin-Meuse
028850802528,VILLE-SUR-ILLON,633.3333333333334,6.673965666666664,490,98.3,59,Rhin-Meuse
025532400902,MARVILLE,630,6.674595666666664,491,98.3,59.2,Rhin-Meuse
025754800763,PONTOY,628,6.675223666666664,492,98.4,59.3,Rhin-Meuse
025449701859,SAXON-SION,625,6.675848666666664,493,98.4,59.4,Rhin-Meuse
028809800478,CHAUMOUSEY BOUZEY,620.0000000000001,6.676468666666664,494,98.4,59.5,Rhin-Meuse
025431202093,LESMENILS,616.6666666666667,6.6770853333333315,495,98.4,59.6,Rhin-Meuse
025233201966,LENIZEUL,600,6.677685333333331,496,98.4,59.8,Rhin-Meuse
025406902061,BEUVILLERS,600,6.678285333333331,497,98.4,59.9,Rhin-Meuse
025450200088,SERRES,600,6.678885333333331,498,98.4,60,Rhin-Meuse
025452701335,TONNOY,600,6.679485333333331,499,98.4,60.1,Rhin-Meuse
025510902383,CHAUVENCY-LE-CHATEAU,600,6.680085333333331,500,98.4,60.2,Rhin-Meuse
025526802384,LACROIX-SUR-MEUSE,600,6.680685333333331,501,98.4,60.4,Rhin-Meuse
025701600114,ALZING,600,6.6812853333333315,502,98.4,60.5,Rhin-Meuse
025707602204,GANDREN,600,6.681885333333331,503,98.5,60.6,Rhin-Meuse
025743000922,MAINVILLERS,600,6.682485333333331,504,98.5,60.7,Rhin-Meuse
025743400213,MAIZIERES-LES-VIC,600,6.683085333333331,505,98.5,60.8,Rhin-Meuse
026710400305,BIRLENBACH,600,6.683685333333331,506,98.5,61,Rhin-Meuse
026723600337,KIENHEIM,600,6.684285333333331,507,98.5,61.1,Rhin-Meuse
026745402273,SCHOENBOURG,600,6.684885333333331,508,98.5,61.2,Rhin-Meuse
026806501625,CHAVANNES-SUR-L'ETANG,600,6.6854853333333315,509,98.5,61.3,Rhin-Meuse
026820000841,MANSPACH,600,6.686085333333331,510,98.5,61.4,Rhin-Meuse
025415602194,DIARVILLE,600,6.686685333333331,511,98.5,61.6,Rhin-Meuse
025762703366,SANRY-SUR-NIED,600,6.687285333333331,512,98.5,61.7,Rhin-Meuse
025450402371,SERROUVILLE,583.3333333333334,6.687868666666664,513,98.5,61.8,Rhin-Meuse
025501302497,ARRANCY-SUR-CRUSNES,583.3333333333334,6.688451999999997,514,98.6,61.9,Rhin-Meuse
025733702206,HOSTE,583.3333333333334,6.68903533333333,515,98.6,62,Rhin-Meuse
026707102226,BUST,583.3333333333334,6.6896186666666635,516,98.6,62.2,Rhin-Meuse
026808701874,FELDBACH,570.0000000000001,6.690188666666663,517,98.6,62.3,Rhin-Meuse
020846902608,VENDRESSE,570,6.690758666666663,518,98.6,62.4,Rhin-Meuse
025413103436,CLEMERY,570,6.691328666666664,519,98.6,62.5,Rhin-Meuse
025424002577,GROSROUVRES,566.6666666666667,6.69189533333333,520,98.6,62.7,Rhin-Meuse
025440202527,NORROY-LE-SEC,566.6666666666667,6.692461999999997,521,98.6,62.8,Rhin-Meuse
025711402461,BROUVILLER,566.6666666666667,6.693028666666664,522,98.6,62.9,Rhin-Meuse
025753102321,OUDRENNE_LEMESTROFF,566.6666666666667,6.693595333333331,523,98.6,63,Rhin-Meuse
025700100835,ABONCOURT,563,6.694158333333331,524,98.6,63.1,Rhin-Meuse
025427201410,JAILLON,550,6.694708333333331,525,98.6,63.3,Rhin-Meuse
025456702259,VILLACOURT,550,6.6952583333333315,526,98.7,63.4,Rhin-Meuse
025505801221,BONCOURT/MEUSE,550,6.695808333333331,527,98.7,63.5,Rhin-Meuse
025755300243,POURNOY-LA-CHETIVE,550,6.696358333333331,528,98.7,63.6,Rhin-Meuse
025771502056,VIGNY,550,6.696908333333331,529,98.7,63.7,Rhin-Meuse
025773601504,VRY,550,6.697458333333331,530,98.7,63.9,Rhin-Meuse
028814201323,DOMEVRE-SUR-AVIERE,550,6.698008333333331,531,98.7,64,Rhin-Meuse
025711001812,BRETTNACH,540,6.698548333333331,532,98.7,64.1,Rhin-Meuse
025402003418,ANTHELUPT,533.3333333333334,6.699081666666665,533,98.7,64.2,Rhin-Meuse
025422902191,GLONVILLE,533.3333333333334,6.699614999999997,534,98.7,64.3,Rhin-Meuse
025430602378,LAY-SAINT-REMY,533.3333333333334,6.70014833333333,535,98.7,64.5,Rhin-Meuse
025457902100,VILLERS-SOUS-PRENY,533.3333333333334,6.7006816666666635,536,98.7,64.6,Rhin-Meuse
025506301978,BOULIGNY-AMERMONT,533.3333333333334,6.701214999999996,537,98.7,64.7,Rhin-Meuse
025518402081,AULNOIS-SOUS-VERTUZEY,533.3333333333334,6.701748333333329,538,98.7,64.8,Rhin-Meuse
025705501771,BAZONCOURT,533.3333333333334,6.7022816666666625,539,98.8,64.9,Rhin-Meuse
025773901781,WALDWEISTROFF,533.3333333333334,6.702814999999996,540,98.8,65.1,Rhin-Meuse
025751701713,OBERGAILBACH,525,6.703339999999995,541,98.8,65.2,Rhin-Meuse
026824501642,OBERMORSCHWILLER,520,6.703859999999995,542,98.8,65.3,Rhin-Meuse
025771102135,VIBERSVILLER,516.6666666666667,6.704376666666662,543,98.8,65.4,Rhin-Meuse
026816001760,KAPPELEN,510.00000000000006,6.7048866666666624,544,98.8,65.5,Rhin-Meuse
025414402046,CREVECHAMPS,500,6.705386666666662,545,98.8,65.7,Rhin-Meuse
025448602129,SAINT-REMIMONT,500,6.705886666666662,546,98.8,65.8,Rhin-Meuse
025726400177,GUEBENHOUSE,500,6.7063866666666625,547,98.8,65.9,Rhin-Meuse
025765101345,SIERSTHAL,500,6.706886666666662,548,98.8,66,Rhin-Meuse
026712601268,ERCKARTSWILLER,500,6.707386666666662,549,98.8,66.1,Rhin-Meuse
028800602618,AMBACOURT,500,6.7078866666666626,550,98.8,66.3,Rhin-Meuse
025439303474,MOYEN,500,6.708386666666662,551,98.8,66.4,Rhin-Meuse
025438002277,MONT-LE-VIGNOBLE,483.33333333333337,6.708869999999996,552,98.9,66.5,Rhin-Meuse
025454502539,VANDELEVILLE,483.33333333333337,6.709353333333328,553,98.9,66.6,Rhin-Meuse
025707602375,BEYREN-LES-SIERCK,483.33333333333337,6.709836666666662,554,98.9,66.7,Rhin-Meuse
025744202342,MANY,483.33333333333337,6.710319999999994,555,98.9,66.9,Rhin-Meuse
026816902160,KOESTLACH,483.33333333333337,6.7108033333333275,556,98.9,67,Rhin-Meuse
028803702515,BASSE-SUR-LE-RUPT,483.33333333333337,6.711286666666661,557,98.9,67.1,Rhin-Meuse
025724900169,GLATIGNY,480.00000000000006,6.71176666666666,558,98.9,67.2,Rhin-Meuse
025418201371,ESSEY-MAIZERAIS,470,6.71223666666666,559,98.9,67.3,Rhin-Meuse
025455801846,VELAINE-SOUS-AMANCE,470,6.71270666666666,560,98.9,67.5,Rhin-Meuse
025749000227,MOYENVIC,470,6.71317666666666,561,98.9,67.6,Rhin-Meuse
025420601969,FRAIMBOIS,466.6666666666667,6.713643333333327,562,98.9,67.7,Rhin-Meuse
025422302221,GERMINY,466.6666666666667,6.7141099999999945,563,98.9,67.8,Rhin-Meuse
025404502040,BARBONVILLE,450,6.714559999999994,564,98.9,68,Rhin-Meuse
025411000049,CERVILLE,450,6.715009999999994,565,98.9,68.1,Rhin-Meuse
025419202278,FERRIERES,450,6.715459999999994,566,98.9,68.2,Rhin-Meuse
025419401398,FILLIERES,450,6.715909999999995,567,99,68.3,Rhin-Meuse
025428802581,LAGNEY,450,6.716359999999995,568,99,68.4,Rhin-Meuse
025433402373,MAIRY-MAINVILLE_MAINVILLE,450,6.716809999999994,569,99,68.6,Rhin-Meuse
025531603402,MANGIENNES,450,6.717259999999994,570,99,68.7,Rhin-Meuse
025752302052,OGY SAINT-AGNAN,450,6.717709999999994,571,99,68.8,Rhin-Meuse
025757801920,REZONVILLE,450,6.718159999999995,572,99,68.9,Rhin-Meuse
025761701821,SAINT-JURE,450,6.718609999999995,573,99,69,Rhin-Meuse
028802000469,AUTREVILLE,450,6.7190599999999945,574,99,69.2,Rhin-Meuse
025744403446,MARANGE-ZONDRANGE,450,6.719509999999994,575,99,69.3,Rhin-Meuse
025705200814,BARST MARIENTHAL,440,6.7199499999999945,576,99,69.4,Rhin-Meuse
025715500201,LANDONVILLERS,440,6.720389999999995,577,99,69.5,Rhin-Meuse
025410502154,BULLIGNY,433.33333333333337,6.720823333333327,578,99,69.6,Rhin-Meuse
025413902372,COURBESSEAUX,433.33333333333337,6.721256666666661,579,99,69.8,Rhin-Meuse
025728602586,HALSTROFF,433.33333333333337,6.7216899999999935,580,99,69.9,Rhin-Meuse
025736501909,KIRSCHNAUMEN,433.33333333333337,6.722123333333326,581,99,70,Rhin-Meuse
025767401319,TINCRY,433.33333333333337,6.72255666666666,582,99.1,70.1,Rhin-Meuse
026819602479,MAGNY,433.33333333333337,6.722989999999992,583,99.1,70.2,Rhin-Meuse
028836602316,RAINVILLE,433.33333333333337,6.723423333333326,584,99.1,70.4,Rhin-Meuse
028840102282,ROUVRES-LA-CHETIVE,433.33333333333337,6.723856666666658,585,99.1,70.5,Rhin-Meuse
025712101341,BURTONCOURT,432.00000000000006,6.724288666666658,586,99.1,70.6,Rhin-Meuse
025733902147,HULTEHOUSE,430,6.724718666666659,587,99.1,70.7,Rhin-Meuse
025434501860,MANONCOURT-EN-VERMOIS,420,6.725138666666658,588,99.1,70.8,Rhin-Meuse
025426602111,HOUDREVILLE,416.6666666666667,6.725555333333325,589,99.1,71,Rhin-Meuse
025426902627,HUDIVILLER,416.6666666666667,6.7259719999999925,590,99.1,71.1,Rhin-Meuse
025432602370,LUBEY,416.6666666666667,6.72638866666666,591,99.1,71.2,Rhin-Meuse
025458702415,VITREY,416.6666666666667,6.726805333333327,592,99.1,71.3,Rhin-Meuse
025548902520,SIVRY-LA-PERCHE,416.6666666666667,6.727221999999993,593,99.1,71.4,Rhin-Meuse
025709901913,BOURDONNAY,416.6666666666667,6.72763866666666,594,99.1,71.6,Rhin-Meuse
025725102136,GOIN,416.6666666666667,6.7280553333333275,595,99.1,71.7,Rhin-Meuse
025756302115,RAVILLE,416.6666666666667,6.728471999999995,596,99.1,71.8,Rhin-Meuse
026737302275,PFALZWEYER,416.6666666666667,6.728888666666661,597,99.1,71.9,Rhin-Meuse
028837602283,REBEUVILLE,416.6666666666667,6.729305333333328,598,99.2,72,Rhin-Meuse
025240700033,PREZ-SOUS-LAFAUCHE,400,6.729705333333328,599,99.2,72.2,Rhin-Meuse
025449600087,SAULXURES-LES-VANNES,400,6.730105333333328,600,99.2,72.3,Rhin-Meuse
025451002491,SORNEVILLE,400,6.730505333333328,601,99.2,72.4,Rhin-Meuse
025526301976,KOEUR-LA-GRANDE,400,6.730905333333328,602,99.2,72.5,Rhin-Meuse
025720400904,VREMY,400,6.731305333333328,603,99.2,72.7,Rhin-Meuse
025723802462,FRESNES-EN-SAULNOIS,400,6.731705333333329,604,99.2,72.8,Rhin-Meuse
025733702291,HOSTE LA VALETTE,400,6.732105333333329,605,99.2,72.9,Rhin-Meuse
025735702205,KAPPELKINGER,400,6.732505333333329,606,99.2,73,Rhin-Meuse
025740700205,LIXHEIM,400,6.732905333333329,607,99.2,73.1,Rhin-Meuse
025763502134,SCHALBACH,400,6.733305333333329,608,99.2,73.3,Rhin-Meuse
026816801648,KNOERINGUE,400,6.7337053333333285,609,99.2,73.4,Rhin-Meuse
026834001400,UEBERSTRASS,400,6.7341053333333285,610,99.2,73.5,Rhin-Meuse
028810200480,CHERMISEY,400,6.7345053333333285,611,99.2,73.6,Rhin-Meuse
028815001986,DOMMARTIN-SUR-VRAINE,400,6.734905333333328,612,99.2,73.7,Rhin-Meuse
025425602328,HAUSSONVILLE,383.33333333333337,6.735288666666661,613,99.2,73.9,Rhin-Meuse
025432002579,LOISY,383.33333333333337,6.735671999999995,614,99.2,74,Rhin-Meuse
025712601984,CHAMBREY,383.33333333333337,6.7360553333333275,615,99.3,74.1,Rhin-Meuse
025736401964,KIRSCH-LES-SIERCK,383.33333333333337,6.73643866666666,616,99.3,74.2,Rhin-Meuse
025736501955,KIRSCHNAUMEN EVENDORFF,383.33333333333337,6.736821999999994,617,99.3,74.3,Rhin-Meuse
025222501463,GONCOURT,380,6.737201999999994,618,99.3,74.5,Rhin-Meuse
025223701468,HARREVILLE-LES-CHANTEURS,370,6.737571999999994,619,99.3,74.6,Rhin-Meuse
025401802533,ANOUX,366.6666666666667,6.73793866666666,620,99.3,74.7,Rhin-Meuse
025427502624,JAULNY,366.6666666666667,6.738305333333328,621,99.3,74.8,Rhin-Meuse
025429102387,LALOEUF,366.6666666666667,6.738671999999994,622,99.3,74.9,Rhin-Meuse
025459802341,XIVRY-CIRCOURT,366.6666666666667,6.739038666666661,623,99.3,75.1,Rhin-Meuse
025754102459,PHILIPPSBOURG_VILLAGE,366.6666666666667,6.739405333333329,624,99.3,75.2,Rhin-Meuse
025761302053,SAINT-JEAN-DE-BASSEL,366.6666666666667,6.739771999999995,625,99.3,75.3,Rhin-Meuse
025775602457,XOUAXANGE,366.6666666666667,6.740138666666662,626,99.3,75.4,Rhin-Meuse
028852302502,VOUXEY,366.6666666666667,6.74050533333333,627,99.3,75.5,Rhin-Meuse
026747500395,SPARSBACH,360.00000000000006,6.740865333333329,628,99.3,75.7,Rhin-Meuse
026707801466,CRASTATT,353,6.741218333333329,629,99.3,75.8,Rhin-Meuse
025400800037,ALLAIN,350,6.741568333333329,630,99.3,75.9,Rhin-Meuse
025409602271,BREHAIN-LA-VILLE,350,6.741918333333329,631,99.3,76,Rhin-Meuse
025415501223,DEUXVILLE,350,6.742268333333329,632,99.3,76.1,Rhin-Meuse
025434003503,MAMEY,350,6.742618333333329,633,99.4,76.3,Rhin-Meuse
025455902294,VELLE-SUR-MOSELLE,350,6.742968333333329,634,99.4,76.4,Rhin-Meuse
025458102334,VILLE-SUR-YRON,350,6.743318333333329,635,99.4,76.5,Rhin-Meuse
025708602229,BELLES-FORETS,350,6.743668333333329,636,99.4,76.6,Rhin-Meuse
025744802182,MARSAL,350,6.7440183333333295,637,99.4,76.7,Rhin-Meuse
025773601822,VRY-GONDREVILLE,350,6.7443683333333295,638,99.4,76.9,Rhin-Meuse
025768603445,VAHL-LES-FAULQUEMONT,350,6.74471833333333,639,99.4,77,Rhin-Meuse
028837903475,REHAINCOURT,350,6.74506833333333,640,99.4,77.1,Rhin-Meuse
025400202427,ABBEVILLE-LES-CONFLANS,333.33333333333337,6.7454016666666625,641,99.4,77.2,Rhin-Meuse
025428302364,JOUAVILLE,333.33333333333337,6.745734999999995,642,99.4,77.3,Rhin-Meuse
025431602261,LIMEY-REMENAUVILLE,333.33333333333337,6.746068333333328,643,99.4,77.5,Rhin-Meuse
025550802421,THONNE-LA-LONG,333.33333333333337,6.746401666666661,644,99.4,77.6,Rhin-Meuse
025555102562,VIGNEULLES-LS-HATT. CREUE,333.33333333333337,6.746734999999995,645,99.4,77.7,Rhin-Meuse
025700802619,ADELANGE,333.33333333333337,6.747068333333328,646,99.4,77.8,Rhin-Meuse
025708402319,BIONCOURT,333.33333333333337,6.7474016666666605,647,99.4,78,Rhin-Meuse
025712802452,CHARLEVILLE-SOUS-BOIS,333.33333333333337,6.747734999999993,648,99.4,78.1,Rhin-Meuse
028832602405,NEUVILLERS-SUR-FAVE,333.33333333333337,6.748068333333326,649,99.4,78.2,Rhin-Meuse
028825900759,LANDAVILLE,333,6.748401333333327,650,99.4,78.3,Rhin-Meuse
025446901902,SAINT-AIL,325,6.748726333333327,651,99.4,78.4,Rhin-Meuse
025753201817,PAGNY-LES-GOIN,325,6.749051333333327,652,99.4,78.6,Rhin-Meuse
020811500006,CHEMERY-SUR-BAR,320,6.749371333333326,653,99.4,78.7,Rhin-Meuse
025409102047,BOUXIERES-SOUS-FROIDMONT,316.6666666666667,6.749687999999994,654,99.5,78.8,Rhin-Meuse
025419802330,FLEVILLE-LIXIERES,316.6666666666667,6.75000466666666,655,99.5,78.9,Rhin-Meuse
025456502521,VIGNEULLES,316.6666666666667,6.750321333333328,656,99.5,79,Rhin-Meuse
025458302227,VILLEY-LE-SEC,316.6666666666667,6.750637999999994,657,99.5,79.2,Rhin-Meuse
025507702472,BREUX,316.6666666666667,6.7509546666666616,658,99.5,79.3,Rhin-Meuse
025749302508,MULCEY,316.6666666666667,6.751271333333328,659,99.5,79.4,Rhin-Meuse
025772302246,VIRMING,316.6666666666667,6.7515879999999955,660,99.5,79.5,Rhin-Meuse
025774702524,WINTERSBOURG,316.6666666666667,6.751904666666662,661,99.5,79.6,Rhin-Meuse
025222700032,GRAFFIGNY-CHEMIN,300,6.752204666666662,662,99.5,79.8,Rhin-Meuse
025401502158,ANDERNY VILLAGE,300,6.752504666666662,663,99.5,79.9,Rhin-Meuse
025439201728,MOUTROT,300,6.752804666666663,664,99.5,80,Rhin-Meuse
025447301222,SAINT-FIRMIN,300,6.753104666666663,665,99.5,80.1,Rhin-Meuse
025450002535,SELAINCOURT,300,6.753404666666662,666,99.5,80.2,Rhin-Meuse
025716100148,CUTTING,300,6.753704666666662,667,99.5,80.4,Rhin-Meuse
025729002235,HAMPONT,300,6.754004666666662,668,99.5,80.5,Rhin-Meuse
025758702455,RODALBE,300,6.754304666666663,669,99.5,80.6,Rhin-Meuse
025761001777,SAINT-FRANCOIS-LACROIX,300,6.754604666666662,670,99.5,80.7,Rhin-Meuse
025761102506,SAINT-GEORGES,300,6.754904666666662,671,99.5,80.8,Rhin-Meuse
025762600217,MECHY,300,6.755204666666662,672,99.5,81,Rhin-Meuse
025770302610,VECKERSVILLER,300,6.7555046666666625,673,99.5,81.1,Rhin-Meuse
025770501869,VELVING,300,6.755804666666663,674,99.5,81.2,Rhin-Meuse
025776102546,ZILLING,300,6.756104666666662,675,99.5,81.3,Rhin-Meuse
026819801647,MAGSTATT-LE-HAUT,300,6.756404666666662,676,99.6,81.4,Rhin-Meuse
028832001511,NAYEMONT-LES-FOSSES,300,6.756704666666662,677,99.6,81.6,Rhin-Meuse
028833202514,NORROY-SUR-VAIR,300,6.7570046666666626,678,99.6,81.7,Rhin-Meuse
028850301676,VEXAINCOURT,300,6.757304666666663,679,99.6,81.8,Rhin-Meuse
025748302088,MORHANGE ZONE ARTISANALE,300,6.757604666666662,680,99.6,81.9,Rhin-Meuse
020824701849,LANDRICHAMPS,295,6.757899666666662,681,99.6,82,Rhin-Meuse
025459201862,VRONCOURT,295,6.758194666666662,682,99.6,82.2,Rhin-Meuse
025731301246,HEMILLY,290,6.7584846666666625,683,99.6,82.3,Rhin-Meuse
028836101880,PROVENCHERES-SUR-FAVE,290,6.758774666666662,684,99.6,82.4,Rhin-Meuse
020823502326,ISSANCOURT-ET-RUMEL,283.33333333333337,6.759057999999995,685,99.6,82.5,Rhin-Meuse
025400402079,AFFLEVILLE,283.33333333333337,6.759341333333328,686,99.6,82.7,Rhin-Meuse
025404802538,LES BAROCHES,283.33333333333337,6.759624666666661,687,99.6,82.8,Rhin-Meuse
025426202252,HOEVILLE,283.33333333333337,6.759907999999994,688,99.6,82.9,Rhin-Meuse
025435802525,MAZERULLES,283.33333333333337,6.760191333333327,689,99.6,83,Rhin-Meuse
025715102584,CONTHIL,283.33333333333337,6.760474666666661,690,99.6,83.1,Rhin-Meuse
025772201962,VIONVILLE,283.33333333333337,6.760757999999994,691,99.6,83.3,Rhin-Meuse
025765601778,SORBEY,280,6.761037999999994,692,99.6,83.4,Rhin-Meuse
025738301315,LANGUIMBERG,274.00000000000006,6.761311999999993,693,99.6,83.5,Rhin-Meuse
025402302295,ARRACOURT,266.6666666666667,6.761578666666661,694,99.6,83.6,Rhin-Meuse
025420802377,FRANCHEVILLE,266.6666666666667,6.761845333333327,695,99.6,83.7,Rhin-Meuse
025424402215,HAGEVILLE,266.6666666666667,6.762111999999995,696,99.6,83.9,Rhin-Meuse
025434302388,MANDRES-AUX-QUATRE-TOURS,266.6666666666667,6.762378666666661,697,99.6,84,Rhin-Meuse
025538703467,NOUILLONPONT,266.6666666666667,6.762645333333328,698,99.6,84.1,Rhin-Meuse
025720902344,CHEMERY-LES-FAULQUEMONT,266.6666666666667,6.762911999999996,699,99.6,84.2,Rhin-Meuse
025738102193,LANEUVEVILLE-EN-SAULNOIS,266.6666666666667,6.763178666666662,700,99.7,84.3,Rhin-Meuse
025745102240,MARTHILLE,266.6666666666667,6.763445333333329,701,99.7,84.5,Rhin-Meuse
025767102322,THIMONVILLE,266.6666666666667,6.763711999999996,702,99.7,84.6,Rhin-Meuse
025772502178,VITTERSBOURG ALBE,266.6666666666667,6.763978666666663,703,99.7,84.7,Rhin-Meuse
025730701814,HAYES,260,6.764238666666663,704,99.7,84.8,Rhin-Meuse
028832001701,NAYEMONT BASSES FOSSES,260,6.764498666666663,705,99.7,84.9,Rhin-Meuse
025402602296,ATHIENVILLE,250,6.764748666666663,706,99.7,85.1,Rhin-Meuse
025410302431,BRUVILLE,250,6.7649986666666635,707,99.7,85.2,Rhin-Meuse
025414601729,CREZILLES,250,6.765248666666663,708,99.7,85.3,Rhin-Meuse
025420002523,FLIREY,250,6.765498666666663,709,99.7,85.4,Rhin-Meuse
025420302435,FORCELLES-SAINT-GORGON,250,6.7657486666666635,710,99.7,85.5,Rhin-Meuse
025431702195,LIRONVILLE,250,6.765998666666663,711,99.7,85.7,Rhin-Meuse
025440500079,THUILLEY,250,6.766248666666663,712,99.7,85.8,Rhin-Meuse
025555102443,VIEVILLE-SOUS-LES-COTES,250,6.7664986666666636,713,99.7,85.9,Rhin-Meuse
025705602456,BEBING,250,6.766748666666663,714,99.7,86,Rhin-Meuse
025725500171,GOSSELMING,250,6.766998666666663,715,99.7,86.1,Rhin-Meuse
025728102237,HABOUDANGE,250,6.767248666666664,716,99.7,86.3,Rhin-Meuse
025729100184,HANGVILLER,250,6.767498666666663,717,99.7,86.4,Rhin-Meuse
025737501960,LAGARDE,250,6.767748666666663,718,99.7,86.5,Rhin-Meuse
025743201910,MAIZERY,250,6.767998666666664,719,99.7,86.6,Rhin-Meuse
026818102256,LEVONCOURT,250,6.768248666666663,720,99.7,86.7,Rhin-Meuse
026808902612,LE MARKSTEIN,250,6.768498666666663,721,99.7,86.9,Rhin-Meuse
025540503491,PILLON,245,6.768743666666663,722,99.7,87,Rhin-Meuse
025702401811,ANTILLY,240.00000000000003,6.768983666666664,723,99.7,87.1,Rhin-Meuse
025444403510,RAUCOURT,233.33333333333334,6.769216999999997,724,99.7,87.2,Rhin-Meuse
025504702517,BETHELAINVILLE,233.33333333333334,6.769450333333329,725,99.7,87.3,Rhin-Meuse
025545602385,SAINT-GERMAIN-SUR-MEUSE,233.33333333333334,6.769683666666662,726,99.7,87.5,Rhin-Meuse
025718301958,DONNELAY,233.33333333333334,6.769916999999995,727,99.8,87.6,Rhin-Meuse
025734702628,INSVILLER,233.33333333333334,6.770150333333328,728,99.8,87.7,Rhin-Meuse
026813103415,HEIWILLER,233.33333333333334,6.770383666666661,729,99.8,87.8,Rhin-Meuse
025735902077,KEMPLICH,230,6.770613666666661,730,99.8,88,Rhin-Meuse
025428701227,LACHAPELLE,227,6.770840666666661,731,99.8,88.1,Rhin-Meuse
025768901780,VALMESTROFF,225,6.7710656666666615,732,99.8,88.2,Rhin-Meuse
025414101847,COYVILLER,220,6.771285666666661,733,99.8,88.3,Rhin-Meuse
025707501757,BEUX,220,6.771505666666662,734,99.8,88.4,Rhin-Meuse
025760700269,SAINTE-BARBE CHEUBY,220,6.771725666666661,735,99.8,88.6,Rhin-Meuse
025405202595,BATTIGNY,216.66666666666669,6.771942333333328,736,99.8,88.7,Rhin-Meuse
025408303419,BONVILLER,216.66666666666669,6.772158999999995,737,99.8,88.8,Rhin-Meuse
025417302503,DROUVILLE,216.66666666666669,6.772375666666663,738,99.8,88.9,Rhin-Meuse
025711803360,BUDLING,216.66666666666669,6.772592333333329,739,99.8,89,Rhin-Meuse
025718802269,EGUELSHARDT,216.66666666666669,6.772808999999996,740,99.8,89.2,Rhin-Meuse
025722902591,FOULCREY,216.66666666666669,6.773025666666663,741,99.8,89.3,Rhin-Meuse
025724702620,GERBECOURT,216.66666666666669,6.7732423333333305,742,99.8,89.4,Rhin-Meuse
025730801959,HAZEMBOURG,216.66666666666669,6.773458999999997,743,99.8,89.5,Rhin-Meuse
025736501956,KIRSCHNAUMEN OBERNAUMEN,216.66666666666669,6.773675666666664,744,99.8,89.6,Rhin-Meuse
026828201987,ROMAGNY,216.66666666666669,6.773892333333331,745,99.8,89.8,Rhin-Meuse
026832602358,STERNENBERG,216.66666666666669,6.774108999999998,746,99.8,89.9,Rhin-Meuse
028805503447,BETTEGNEY-SAINT-BRICE,216.66666666666669,6.774325666666665,747,99.8,90,Rhin-Meuse
028825702565,JUVAINCOURT,216.66666666666669,6.774542333333332,748,99.8,90.1,Rhin-Meuse
020815300010,ESCOMBRES-ET-LE-CHESNOIS,210,6.774752333333332,749,99.8,90.2,Rhin-Meuse
025725700172,GREMECEY,210,6.774962333333332,750,99.8,90.4,Rhin-Meuse
025414703420,CRION -SIONVILLER,200,6.775162333333332,751,99.8,90.5,Rhin-Meuse
025424702625,HAMMEVILLE,200,6.775362333333332,752,99.8,90.6,Rhin-Meuse
025443601810,PREUTIN HIGNY,200,6.775562333333332,753,99.8,90.7,Rhin-Meuse
025445500085,REMENOVILLE,200,6.775762333333332,754,99.8,90.8,Rhin-Meuse
025446001655,ROGEVILLE,200,6.775962333333332,755,99.8,91,Rhin-Meuse
025456902422,VILLE-AU-VAL,200,6.776162333333332,756,99.8,91.1,Rhin-Meuse
025701002247,ALAINCOURT-LA-COTE,200,6.776362333333332,757,99.8,91.2,Rhin-Meuse
025706500124,BERMERING,200,6.776562333333332,758,99.9,91.3,Rhin-Meuse
025708102585,BIDESTROFF,200,6.776762333333332,759,99.9,91.4,Rhin-Meuse
025724602393,GELUCOURT,200,6.776962333333332,760,99.9,91.6,Rhin-Meuse
025726602234,GUEBLANGE-LES-DIEUZE,200,6.777162333333332,761,99.9,91.7,Rhin-Meuse
025734902454,JALLAUCOURT,200,6.777362333333332,762,99.9,91.8,Rhin-Meuse
025749502054,NARBEFONTAINE,200,6.777562333333332,763,99.9,91.9,Rhin-Meuse
025758501756,RITZING,200,6.777762333333332,764,99.9,92,Rhin-Meuse
025758600838,ROCHONVILLERS,200,6.777962333333332,765,99.9,92.2,Rhin-Meuse
028824002197,HERPELMONT,192,6.778154333333332,766,99.9,92.3,Rhin-Meuse
025724103515,FRIBOURG,190,6.778344333333332,767,99.9,92.4,Rhin-Meuse
025451703511,THEZEY SAINT MARTIN,185,6.778529333333332,768,99.9,92.5,Rhin-Meuse
025422601941,GIBEAUMEIX,183.33333333333334,6.7787126666666655,769,99.9,92.7,Rhin-Meuse
025714102131,CHICOURT,183.33333333333334,6.778895999999998,770,99.9,92.8,Rhin-Meuse
025722802087,FOSSIEUX,183.33333333333334,6.779079333333331,771,99.9,92.9,Rhin-Meuse
025727802050,GUINZELING,183.33333333333334,6.779262666666664,772,99.9,93,Rhin-Meuse
025772502179,VITTERSBOURG ROSE,183.33333333333334,6.779445999999997,773,99.9,93.1,Rhin-Meuse
025404102369,BAGNEUX,170,6.779615999999997,774,99.9,93.3,Rhin-Meuse
025744002629,MANHOUE,170,6.779785999999997,775,99.9,93.4,Rhin-Meuse
025410802623,BURTHECOURT-AUX-CHNES,166.66666666666669,6.779952666666664,776,99.9,93.5,Rhin-Meuse
025412103504,CHARMOIS,166.66666666666669,6.780119333333331,777,99.9,93.6,Rhin-Meuse
025423102080,GONDRECOURT-AIX,166.66666666666669,6.7802859999999985,778,99.9,93.7,Rhin-Meuse
025440902332,OMELMONT,166.66666666666669,6.780452666666665,779,99.9,93.9,Rhin-Meuse
025703701775,AUBE,166.66666666666669,6.780619333333332,780,99.9,94,Rhin-Meuse
025712002230,BURLIONCOURT,166.66666666666669,6.780785999999999,781,99.9,94.1,Rhin-Meuse
025741702248,LOSTROFF,166.66666666666669,6.780952666666666,782,99.9,94.2,Rhin-Meuse
025770202177,VAXY,166.66666666666669,6.781119333333333,783,99.9,94.3,Rhin-Meuse
025775402180,XANREY,166.66666666666669,6.781286,784,99.9,94.5,Rhin-Meuse
025431802441,LIVERDUN_SOUS-VIGNAL,150,6.781436,785,99.9,94.6,Rhin-Meuse
025441302368,OZERAILLES,150,6.781586,786,99.9,94.7,Rhin-Meuse
025441803424,PARROY,150,6.781736,787,99.9,94.8,Rhin-Meuse
025445302324,REMBERCOURT-SUR-MAD,150,6.781886,788,99.9,94.9,Rhin-Meuse
025447802331,SAINT-MARCEL,150,6.782036,789,99.9,95.1,Rhin-Meuse
025455201942,VAUDEMONT,150,6.782186,790,99.9,95.2,Rhin-Meuse
025703502318,ASSENONCOURT,150,6.782336,791,99.9,95.3,Rhin-Meuse
025707702181,BEZANGE-LA-PETITE,150,6.782486,792,99.9,95.4,Rhin-Meuse
025713302566,CHATEAU-VOUE,150,6.782636,793,99.9,95.5,Rhin-Meuse
025726202589,GROSTENQUIN LINSTROFF,150,6.782786,794,99.9,95.7,Rhin-Meuse
025735302505,JUVELIZE,150,6.782936,795,99.9,95.8,Rhin-Meuse
025739701961,LEY,150,6.783086,796,99.9,95.9,Rhin-Meuse
025747602249,MONNEREN-STE-MARGUERITE,150,6.783236,797,99.9,96,Rhin-Meuse
025752402138,OMMERAY,150,6.783386,798,100,96.1,Rhin-Meuse
025762102244,SAINT-MEDARD,150,6.783536,799,100,96.3,Rhin-Meuse
025734501320,INGLANGE,140,6.783676,800,100,96.4,Rhin-Meuse
020806302412,LA BESACE,133.33333333333334,6.783809333333333,801,100,96.5,Rhin-Meuse
025405802363,BECHAMPS,133.33333333333334,6.7839426666666665,802,100,96.6,Rhin-Meuse
025445202575,REILLON,133.33333333333334,6.784075999999999,803,100,96.7,Rhin-Meuse
025449902329,SEICHEPREY,133.33333333333334,6.784209333333332,804,100,96.9,Rhin-Meuse
025712702137,CHANVILLE,133.33333333333334,6.7843426666666655,805,100,97,Rhin-Meuse
025767602245,TRAGNY,133.33333333333334,6.784475999999998,806,100,97.1,Rhin-Meuse
025760700270,SAINTE-BARBE GRAS,130,6.784605999999998,807,100,97.2,Rhin-Meuse
025760701099,SAINTE-BARBE AVANCY,120.00000000000001,6.784725999999998,808,100,97.3,Rhin-Meuse
025444202580,QUEVILLONCOURT,116.66666666666667,6.784842666666665,809,100,97.5,Rhin-Meuse
025448702626,SAINT-REMY-AUX-BOIS,116.66666666666667,6.784959333333332,810,100,97.6,Rhin-Meuse
025704402509,AZOUDANGE,116.66666666666667,6.785075999999999,811,100,97.7,Rhin-Meuse
025710702132,BREHAIN,116.66666666666667,6.785192666666666,812,100,97.8,Rhin-Meuse
025717302320,DESSELING,116.66666666666667,6.785309333333333,813,100,98,Rhin-Meuse
025739902133,LEZEY,116.66666666666667,6.785426,814,100,98.1,Rhin-Meuse
025207402518,BREUVANNES_COLOMBEY-LS-CH,100,6.785526,815,100,98.2,Rhin-Meuse
025418701470,EUVEZIN,100,6.785626,816,100,98.3,Rhin-Meuse
025707902450,BIBICHE_NEUDORF,100,6.785726,817,100,98.4,Rhin-Meuse
026837103434,WILLER,100,6.785826,818,100,98.6,Rhin-Meuse
025447001732,SAINT-BAUSSANT,95,6.785921,819,100,98.7,Rhin-Meuse
025401502200,ANDERNY HAMEAU BRABANT,83.33333333333334,6.786004333333333,820,100,98.8,Rhin-Meuse
025403302162,AVILLERS,83.33333333333334,6.786087666666666,821,100,98.9,Rhin-Meuse
025421902293,GELLENONCOURT,83.33333333333334,6.7861709999999995,822,100,99,Rhin-Meuse
025437903441,MONT-L'ETROIT,83.33333333333334,6.786254333333332,823,100,99.2,Rhin-Meuse
025769202323,VANNECOURT,83.33333333333334,6.7863376666666655,824,100,99.3,Rhin-Meuse
025418001337,ERBEVILLER-SUR-AMEZULE,83.00000000000001,6.7864206666666655,825,100,99.4,Rhin-Meuse
025446901905,SAINT-AIL HABONVILLE,80,6.786500666666665,826,100,99.5,Rhin-Meuse
025405903513,SERRIERES,80,6.786580666666665,827,100,99.6,Rhin-Meuse
020810602281,CHARNOIS,66.66666666666667,6.786647333333332,828,100,99.8,Rhin-Meuse
025452402292,THUMEREVILLE,50,6.786697333333332,829,100,99.9,Rhin-Meuse
025708402345,BIONCOURT ALINCOURT,33.333333333333336,6.786730666666665,830,100,100,Rhin-Meuse
