identifiant;nom_etablissement;annee;prelevements_eaux_souterraines;prelevements_eaux_surface;prelevements_reseau_distribution;prelevements_mer
0006200067;EDF - CCG Blénod;2003;353000;17700000;0;0
0005102153;SAINT LOUIS SUCRE;2003;1970000;4110000;14200;0
0005200010;POLYREY S.A.S. (usine);2003;0;852000;12500;0
0005702049;Malteries SOUFFLET;2003;182000;0;0;0
0005800521;NORGAL;2003;0;3000000;1220;0
0005401253;MICHELIN;2003;0;370000;0;0
0006701424;MILLIPORE;2003;0;0;89200;0
0006105225;ADISSEO FRANCE SAS;2003;7560000;0;0;0
0010000575;LINAMAR LIGHT METALS / MONTUPET;2003;0;0;125000;0
0006301584;FIBERTEX NONWOVENS;2003;75000;0;8930;0
0006102348;CALCIA  SA;2003;254000;145;0;0
0007000483;ARKEMA FRANCE;2003;0;4290000;8340;0
0006700847;BESTFOODS FRANCE Industries;2003;0;0;310000;0
0006600794;HARIBO-RICQLES-ZAN;2003;184000;0;20100;0
0007000535;Nexans  France - atelier coulée;2003;0;75000;58600;0
0006302023;CHAUCER FOODS SA;2003;103000;0;0;0
0006400488;Papeteries de Gromelle;2003;0;864000;2760;0
0007000803;PGI;2003;0;0;57800;0
0006300890;LTR INDUSTRIES;2003;0;4000000;0;0
0005200359;SAIPOL SA;2003;347000;0;8990;0
0006400997;LYONDELL CHIMIE France SAS;2003;0;0;2900000;0
0005701726;IMERYS TC site du bois du roi;2003;0;0;52200;0
0006103361;INTEXA;2003;0;148000;2500;0
0005701763;LE BRONZE ALLOYS - SUIPPES 1;2003;1420000;0;0;0
0005100143;WEPA GREENFIELD SAS;2003;1120000;0;0;0
0006802302;STE TUELACAU;2003;250000;0;0;0
0007000851;LAMINES MARCHANDS EUROPEENS (LME);2003;0;797000;40900;0
0007000854;BALL PACKAGING EUROPE BIERNE SAS;2003;0;0;207000;0
0006102885;ST MICROELECTRONICS;2003;0;0;2580000;0
0006201282;CdF - Bassin de décantation de Merlebach;2003;10000000;0;0;0
0006102314;TANNERIE D'ANNONAY S.A.;2003;38600;0;18600;0
0006103254;PAPETERIES DE LANCEY;2003;15000;2500000;7000;0
0006400014;EVD (EXTRAITS VEGETAUX ET DERIVES);2003;0;0;84600;0
0007000788;COPALIS INDUSTRIE;2003;0;0;76000;0
0006200938;VALTRIS ENTERPRISES FRANCE SAS;2003;0;0;219000;0
0006201969;SCHOTT VTF;2003;52300;0;14400;0
0005200262;EDF CPE;2003;72000;22300000;1200;0
0006205057;VT2i;2003;95000;0;14000;0
0006103387;NEXTER systems centre de ROANNE;2003;0;108000;66800;0
0010300060;CHARLES ET ALICE;2003;641000;0;19900;0
0006503322;SARP Industries;2003;0;0;174000;0
0006301093;TESSIER;2003;343000;0;75000;0
0005900400;PAPETERIE DE MANDEURE;2003;0;1060000;2340;0
0006401459;AZ MEDITERRANEE;2003;71200;0;4870;0
0006104748;THALES AVS FRANCE SAS;2003;480000;0;49200;0
0005701498;CRISTAL UNION;2003;74200;0;0;0
0005801044;DS SMITH;2003;3000000;2000000;0;0
0006600562;OWENS-CORNING FIBERGLAS;2003;0;405000;16000;0
0006104344;NICHE FUSED ALUMINA;2003;995000;654000;1050;0
0006103189;EUROFLOAT;2003;99500;0;19000;0
0007001689;RLST ELIS;2003;0;0;99800;0
0016300107;O-I MANUFACTURING FRANCE;2003;0;0;230000;0
0006200307;NOVACARB;2003;424;20000000;24700;0
0005800790;PIPELIFE FRANCE;2003;131000;0;0;0
0007001495;ARTOIS ENERGIE;2003;132000;0;0;0
0005800350;ERAMET;2003;0;0;586000;0
0005800360;DRPC;2003;6070000;65200000;84900;0
0006102027;Abattoirs des Crêts;2003;43300;0;68300;0
0006301288;FROMAGERIES PERREAULT;2003;0;0;198000;0
0005600365;LUXFER GAS CYLINDERS;2003;72000;14900;12400;0
0005301512;ELVIR S.A.S.;2003;0;829000;0;0
0005500649;BOUTET-NICOLAS;2003;0;0;131000;0
0005800374;Altuglas International;2003;70900;0;4370;0
0005701269;COGESAL MIKO;2003;0;0;251000;0
0005101041;CONTINENTAL France SNC;2003;841000;0;0;0
0005701783;MALTEUROP FRANCE;2003;171000;0;423000;0
0006103972;PLYMOUTH FRANCAISE;2003;219000;0;0;0
0007000776;PRODUITS CHIMIQUES DE LOOS;2003;614000;4050000;1300000;0
0005800611;NOVANDIE;2003;426000;0;0;0
0005102078;DS SMITH PACKAGING EX OTOR PICARDIE;2003;0;471000;0;0
0006301216;FROMAGERIES PERREAULT;2003;98700;0;369000;0
0006103394;SOFIDEL FRANCE;2003;0;756000;0;0
0005401225;KODAK INDUSTRIE;2003;0;0;1120000;0
0006102819;G.T.A.;2003;384000;0;0;0
0005800290;CABOT CARBONE SAS;2003;0;522000;9780;0
0006802353;AIRBUS OPERATIONS SAS  St Martin du TOUCH;2003;0;0;200000;0
0006600453;Société des CIMENTS CALCIA;2003;857000;0;5990;0
0006201555;MALTEUROP FRANCE;2003;251000;0;1130;0
0006103725;POLYTECHNYL PI Belle-Etoile;2003;10900000;7960000;20200;0
0005800568;Johnson Controls Autobatterie Usine de Grand-Quevilly;2003;22100;0;66800;0
0006202456;BODYCOTE site de Saint Dié;2003;105000;0;1350;0
0005701887;Mannesmann Précision Tubes France;2003;0;1370000;164000;0
0010000242;HYDRO EXTRUSION LUCE/CHATEAUROUX;2003;26400;0;230000;0
0006301084;FLEURY MICHON LS PLATS CUISINES;2003;0;0;240000;0
0006802560;ECONOTRE;2003;0;191000;27100;0
0006202170;NESTLE WATERS SUPPLY EST Contrexéville;2003;194000;0;0;0
0006102850;FREGATA HYGIENE;2003;0;858000;0;0
0006700794;WIENERBERGER;2003;0;0;102000;0
0006301099;CET;2003;0;160000;0;0
0007000542;Auchelaine SARL;2003;0;0;103000;0
0006104639;AD PLATING MARNAZ;2003;78000;0;1610;0
0010000513;CHATEAUROUX CERAMICS;2003;29500;28700;15700;0
0005401307;MANNESMANN PRECISION TUBES FRANCE;2003;10600;5720;35400;0
0006102269;SPEICHIM PROCESSING S.A.;2003;0;0;174000;0
0005302798;SOCIETE LAITIERE DU PAYS D'AUGE - SOLAIPA;2003;0;976000;199000;0
0005901928;GE THERMAL MANUFACTURING(exALSTOM POWER);2003;63000;0;56000;0
0005800449;FRAMATOME;2003;310000;0;2160;0
0006103844;RENAULT TRUCKS SAS;2003;1100000;0;102000;0
0006200378;SAINT HUBERT;2003;0;0;145000;0
0006103283;Papeteries de Voiron et de Lancey site de Voreppe;2003;3030000;0;9.9;0
0010001460;PFMP PROGIPHARM;2003;43600;0;104000;0
0006200514;MERSEN (ex CLEG);2003;192000;0;3650;0
0005600467;Société des Eaux de VOLVIC;2003;2410000;0;53700;0
0005100611;CENTRE HOSPITALIER GENERAL;2003;0;0;154000;0
0010300115;ANDROS;2003;1500000;0;7000;0
0006201177;KALHYGE 4;2003;0;0;60800;0
0006506498;VALO'MARNE (EX CIE);2003;594000;0;17100;0
0005200597;LA CORNUBIA;2003;14600;0;70000;0
0006102805;FONDERIE GIROUD INDUSTRIE;2003;819000;0;15100;0
0006103782;TEINTURERIES DE TARARE;2003;0;111000;176000;0
0005104973;NOVANCE;2003;1150000;0;0;0
0007000656;Sucrerie de BOIRY;2003;129000;0;20700;0
0007001046;LESIEUR;2003;0;3000000;179000;0
0006300962;MARIE FRAIS;2003;0;0;111000;0
0005500663;SA DOUX ETS CHATEAULIN;2003;0;120000;679000;0
0005301912;Etablissement de LA HAGUE;2003;0;591000;67800;0
0006701831;CATALENT FRANCE BEINHEIM SA;2003;176000;0;0;0
0005702175;Ghisetti 1870 France;2003;79400;0;491;0
0005101887;AJINOMOTO ANIMAL NUTRITION EUROPE;2003;5000000;0;0;0
0010001484;RENO;2003;44300;0;12900;0
0006301415;MONDELEZ International;2003;3070;0;130000;0
0005102550;Sapsa Bedding;2003;192000;0;1130;0
0006104737;AMPHENOL SOCAPEX;2003;61300;0;15500;0
0005100333;LE CREUSET SAS;2003;188000;0;18700;0
0006803824;EUROSERUM;2003;0;0;71800;0
0006200939;LACTO SERUM FRANCE;2003;1000000;1000000;7120;0
0007000605;Les Brasseurs de Gayant;2003;132000;0;0;0
0010000612;SETS;2003;72100;0;1670;0
0006104663;SAEME DANONE EAUX FRANCE;2003;0;415000;0;0
0005901306;PSA AUTOMOBILES SA;2003;0;366000;48500;0
0005801304;WILD France;2003;65700;195000;33800;0
0010001557;TEREOS FRANCE Site d'Artenay;2003;526000;0;8920;0
0006802257;BIGARD;2003;0;0;146000;0
0007000664;VALLYS SARL SILVA;2003;0;224000;0;0
0006301733;Fromagerie BEL Production France;2003;0;0;768000;0
0006105226;ADISSEO PS;2003;13400000;0;15000;0
0006102995;Framatome Jarrie;2003;2070000;0;20800;0
0005800392;DANONE;2003;0;459000;267000;0
0005501294;COMPAGNIE BRETONNE DE L'ARTICHAUT;2003;221000;0;0;0
0005100467;GAVEL;2003;127000;969000;7640;0
0006506327;VLG CHEM;2003;330;0;127000;0
0006401012;COMPAGNIE PETROCHIMIQUE DE BERRE SAS;2003;0;4220000;795000;0
0006301139;BSN medical SAS;2003;24700;204000;10500;0
0006204558;ARCELORMITTAL CF;2003;46100;0;13700;0
0005501977;SOCIETE LAITIERE DE PONTIVY;2003;0;0;215000;0
0006201702;FERCO SAS;2003;0;58400;0;0
0006202551;BONGRAIN GERARD;2003;74100;151000;181000;0
0005101899;C & V COSSERAT INTERNATIONAL;2003;0;350000;6600;0
0007001176;LESAFFRE (Société Industrielle);2003;1760000;6170000;18100;0
0006400635;HEINEKEN ENTREPRISE;2003;168000;0;294000;0
0006501739;CPA;2003;0;0;63000;0
0006301730;YOPLAIT PRODUCTION FRANCE;2003;785000;0;18800;0
0005702102;STT;2003;108000;0;279;0
0005900536;ARMSTRONG BUILDING PRODUCTS S.A.;2003;305000;0;50200;0
0006600430;Société EXPANSIA;2003;1440000;0;6360;0
0006104017;GAMBRO INDUSTRIE;2003;38500;0;193000;0
0005800378;SEDIBEX;2003;0;0;410000;0
0006102824;VICAT;2003;1900000;0;16800;0
0006102464;EURECAT FRANCE;2003;71200;0;7510;0
0006701060;BIO SPRINGER;2003;2820000;0;11900;0
0005701082;TREFIMETAUX SAS;2003;0;2720000;6730;0
0007000509;EDF CPE site de Dunkerque;2003;0;29900;70500;0
0005901113;CONFLANDEY INDUSTRIES SAS;2003;0;2140000;0;0
0025100044;AUBERT et DUVAL;2003;0;954000;40000;0
0007002398;LIBERTY ASCOVAL;2003;0;848000;71700;0
0006401033;Air Liquide France Industrie;2003;0;0;680000;0
0006103809;EUROCAST LYON;2003;412000;0;6000;0
0005800571;VALLOUREC TUBES FRANCE;2003;1160000;0;5540;0
0005200592;SAFT SAS;2003;0;0;197000;0
0006303453;OVOTEAM;2003;0;0;96300;0
0005102036;LAINIERE DE PICARDIE BC SAS;2003;589000;0;1180;0
0006700583;RICOH INDUSTRIE FRANCE;2003;0;0;75700;0
0005101916;Mersen (ex CARBONE LORRAINE);2003;0;0;92200;0
0006103291;SNF SA ANDREZIEUX;2003;0;0;239000;0
0006400508;PROVENCE IQF SAS;2003;82700;0;660;0
0005500644;ENTREMONT;2003;0;0;594000;0
0006300934;ETS CAILLAUD CHALLANS;2003;0;0;57900;0
0006000274;VALEO Usine;2003;0;79800;17000;0
0005901053;CONFLANDEY INDUSTRIES SAS;2003;0;64600;0;0
0005801222;LES ATELIERS DU GOUT;2003;0;0;81200;0
0010400032;SUEZ RR IWS CHEMICALS FRANCE;2003;594000;0;0;0
0005102192;Usine de Flaucourt;2003;449000;0;2500;0
0005702271;WEPA France;2003;383000;0;5160;0
0006200921;RHOVYL;2003;2740;286000;0;0
0006300915;CA FRANCE CHAMPIGNON;2003;729000;0;13200;0
0005102088;Le JERSEY de PARIS;2003;109000;0;0;0
0005901226;LA ROCHERE S.A.;2003;0;140000;27200;0
0005901243;EUROSERUM;2003;0;996000;0;0
0006103078;ALR - ACIERIES ET LAMINOIRS DE RIVES;2003;169000;0;9010;0
0005701681;GRANDECO WALLFASHION GROUP N.V.;2003;168000;0;28300;0
0006802177;NESTOR;2003;0;470000;3250;0
0005701165;NESTLE FRANCE SAS;2003;153000;423000;0;0
0006601065;OCREAL;2003;0;139000;2710;0
0006200252;STUL Société Train Universel Longwy;2003;462000;0;3460;0
0005800317;ALKION TERMINAL LE HAVRE;2003;0;0;106000;0
0005701178;SMURFIT KAPPA PAPIER RECYCLE FRANCE;2003;514000;0;55900;0
0006700472;PAPETERIES DU RHIN;2003;421000;0;910;0
0006600429;EDF - CPT;2003;6950;63600000;0;0
0006503241;SAINT GOBAIN ABRASIFS;2003;140000;0;62800;0
0006301380;LDC - Abattoir;2003;0;0;460000;0
0006601281;SAIPOL;2003;0;0;220000;0
0005100705;UNILEP;2003;175000;0;39900;0
0006200139;CROWN BEVCAN;2003;2000;0;116000;0
0007001158;Papeterie de Maresquel;2003;2000000;3500;650;0
0007000648;ETABLISSEMENTS BOCAHUT SAS.;2003;1430000;0;1480;0
0005201604;SERETRAM;2003;225000;0;21700;0
0006103856;IFP ENERGIES NOUVELLES ETS DE LYON;2003;742000;0;15100;0
0007000504;EDF Direction Production Ingénierie -;2003;0;2000000;4110;0
0005101267;B.R.I. ex YVES SAINT LAURENT;2003;290000;0;28700;0
0006200339;GLANZSTOFF LONGLAVILLE;2003;0;0;175000;0
0005500405;GELAGRI BRETAGNE;2003;0;0;112000;0
0005600085;AXEREAL ELEVAGE (ex-THIVAT NUT. ANIMALE);2003;0;411000;96600;0
0006301171;SARREL;2003;3270;0;118000;0
0005800552;GLAXOSMITHKLINE;2003;0;0;118000;0
0005800542;WALOR EXTRUSION;2003;0;0;93400;0
0007000955;ARCELORMITTAL  ATLANTIQUE et LORRAINE;2003;0;2080000;69700;0
0006802474;SODIAAL INTERNATIONAL Les Fromageries Riches Monts;2003;0;0;154000;0
0005301789;MAITRES LAITIERS DU COTENTIN;2003;542000;67800;11600;0
0006400990;KEM ONE France;2003;2010000;0;0;0
0005301495;SOCIETE BEURRIERE D'ISIGNY;2003;0;0;76700;0
0005100185;ARKEMA Usine de Chauny;2003;0;1340000;3580;0
0006102839;POLIMERI EUROPA ELASTOMERES France;2003;6070000;0;0;0
0006601278;Timac AGRO SETE;2003;0;0;104000;0
0005401320;FACOM;2003;180000;0;9750;0
0006401546;TEXAS INSTRUMENTS France;2003;0;0;62000;0
0005102295;ALUMINIUM FRANCE EXTRUSION (EX CONSTEL);2003;346000;0;8330;0
0005901072;GALVANOPLAST;2003;112000;0;2400;0
0007001078;SPAC;2003;0;0;71800;0
0006301048;ARJO WIGGINS Papiers Couchés S.A.S.;2003;26400;3000000;33900;0
0005701543;VERALLIA-FRANCE;2003;70200;0;3300;0
0006301446;FRAMATOME;2003;0;0;60600;0
0005800496;EXXONMOBIL CHEMICAL FRANCE;2003;973000;0;15100;0
0005101901;GOODYEAR DUNLOP TIRES Amiens SUD;2003;831000;0;38500;0
0006104283;AIR PRODUCTS;2003;106000;0;0;0
0006102899;PAPETERIES DE LA GORGE;2003;0;463000;0;0
0006301021;Fromageries BEL Production France;2003;0;0;97900;0
0005800316;AIR LIQUIDE FRANCE INDUSTRIE;2003;0;0;105000;0
0006103643;BioMerieux SA;2003;0;0;95600;0
0005600040;SAGEM DEFENSE SECURITE SA;2003;0;80500;66500;0
0005501533;TIMAC AGRO SA (QI);2003;0;150000;14500;0
0010001145;ESSITY OPERATIONS FRANCE;2003;705000;2220000;51500;0
0006102267;SIEGFRIED St Vulbas SAS;2003;718000;0;43000;0
0005500736;PAULET PAUL;2003;0;0;133000;0
0005800576;LINCOLN ELECTRIC FRANCE;2003;0;115000;5230;0
0006506328;GALVANOPLAST / SOCORFI;2003;44400;0;43400;0
0006304665;SCICA POMANJOU;2003;0;0;79000;0
0005702066;SNCF VOYAGEURS (TECHNICENTRE INDUSTRIEL);2003;48000;0;4410;0
0006400772;ARDAGH METAL BEVERAGE FRANCE SAS;2003;0;0;164000;0
0006103759;SAINT JEAN INDUSTRIES;2003;48600;0;15200;0
0006700682;HERTA;2003;1050000;0;163000;0
0006202399;Papeteries Matussière et Forest - site de Rambervillers;2003;1120000;1140000;8910;0
0006202392;FENIIX;2003;0;138000;8680;0
0007001787;LESIEUR GENERALE CONDIMENTAIRE;2003;0;0;62700;0
0005100008;Smurfit Kappa PRF;2003;1120000;0;307;0
0006103586;LAFARGE CIMENTS;2003;117000;0;3610;0
0006102265;Boehringer Ingelheim Centre de Recherche de Saint-Vulbas;2003;40400;0;13800;0
0006201051;MANOIR BOUZONVILLE;2003;0;262000;24200;0
0007000676;MILLET AFR;2003;93700;0;7620;0
0005600372;CONSTELLIUM ISSOIRE;2003;631000;1370000;114000;0
0006201370;EQIOM;2003;22000;249000;15800;0
0005200251;SANOFI WINTHROP INDUSTRIE;2003;0;223000;51800;0
0006506259;TIRU;2003;0;3890000;48200;0
0006302949;KALHYGE 4;2003;64400;0;31900;0
0006802292;OMNI CUIR S.A.R.L;2003;0;343000;1720;0
0006103084;RHODIA Opérations - établissement de Roussillon;2003;17100000;0;0;0
0006506739;Cascades Sainte Marie;2003;98100;570000;0;0
0006401056;TOTAL RAFFINAGE FRANCE;2003;4400000;467000;155000;0
0005801011;N.S.F.;2003;812000;0;4760;0
0005501798;SOCIETE KERLYS;2003;170000;0;139000;0
0006506233;CPCU - CENTRALE DE BERCY;2003;0;68600;5060;0
0006301007;HERBIGNAC CHEESE INGREDIENTS;2003;239000;0;58100;0
0007000744;DANONE PRODUITS FRAIS FRANCE;2003;0;0;440000;0
0005101729;TEREOS SUCRERIE D'ABBEVILLE;2003;78200;2880000;10200;0
0005501030;Even Lait industrie;2003;361000;0;0;0
0005701177;LUZEAL;2003;73900;0;0;0
0006102939;AMCOR FLEXIBLES PACKAGING FRANCE;2003;95700;0;6740;0
0005101668;ARKEMA;2003;0;0;78300;0
0006206553;DALKIA EBANGE;2003;75000;250000;0;0
0006102009;UGIVIS;2003;0;0;117000;0
0006700616;Wärtsilä France;2003;0;1080000;22200;0
0006301581;COOP DES PRODUCTEURS LEGUMIERS;2003;213000;0;1200;0
0006503449;PEUGEOT CITROEN POISSY SNC;2003;0;2110000;137000;0
0006700526;ARLANXEO Emulsion Rubber France SAS;2003;2390000;0;0;0
0010000756;ESVRES MATRICAGE;2003;0;110000;9080;0
0007000722;ROZENDAAL;2003;352000;0;1690;0
0006300906;LAITERIE DU VAL D'ANCENIS;2003;0;0;460000;0
0006103061;CALOR S.A.;2003;0;102000;0;0
0010600063;GERFLOR TARARE SNC;2003;0;0;132000;0
0006302263;Reitzel Briand;2003;90800;0;14200;0
0010001132;FEDERAL MOGUL OPERATIONS FRANCE;2003;165000;0;6040;0
0006802544;BASF HEALTH AND CARE PRODUCTS FRANCE;2003;0;1590000;0;0
0006701188;IMPRIMERIE ALSACIENNE DIDIER QUEBECOR;2003;2120000;0;518;0
0007000607;AIR LIQUIDE FRANCE INDUSTRIE (ALFI);2003;37300;0;25700;0
0006104560;AVENTICS;2003;94200;0;11600;0
0006104460;ANETT NBD;2003;63000;0;442;0
0005401483;DAUNAT BOURGOGNE;2003;0;0;79000;0
0006102993;ARKEMA;2003;26200000;0;336000;0
0007000809;REXAM Beverage Can;2003;0;0;116000;0
0010000663;PAPETERIES PALM;2003;43000;972000;43000;0
0005500618;Société Briecoise d'Abattage;2003;0;0;85600;0
0006401428;EPC FRANCE;2003;317000;0;0;0
0006300935;SOLEVAL;2003;0;81200;11200;0
0005701289;GHM - SOMMEVOIRE;2003;0;83000;4290;0
0005501786;CONSERVERIE MORBIHANNAISE Lanvenegen;2003;191000;99100;0;0
0007001080;AXTER;2003;527000;0;5400;0
0005500851;Gad SAS Site de Lampaul-Guimiliau;2003;80000;168000;158000;0
0007300024;EDF Corse;2003;0;0;679000;0
0024700073;SUNNYLAND France SA;2003;155000;0;9560;0
0005102302;SPCH;2003;135000;0;2420;0
0007000785;EQIOM Cimenterie de Lumbres;2003;297000;0;19100;0
0006601361;STERIMED;2003;0;1980000;14400;0
0006103135;PATURLE ACIERS;2003;46300;0;11500;0
0006102364;OI FRANCE SAS;2003;57000;0;4890;0
0006400673;NESTLE France Usine de St Menet;2003;1150000;0;0;0
0006400886;LINPAC PLASTICS PROVENCE;2003;99700;0;0;0
0005800483;EUROFOIL FRANCE;2003;62300;162000;0;0
0006202418;PAPETERIE DES CHATELLES;2003;0;1070000;0;0
0005701961;Michelin MFPM;2003;0;0;1710000;0
0005701282;YTO France;2003;0;167000;19000;0
0005701609;SAS GIVAUDAN France;2003;304000;0;0;0
0005900398;PEUGEOT SCOOTERS;2003;0;85300;11800;0
0005701659;ASTRAZENECA REIMS;2003;0;0;69100;0
0007001960;MALTERIES FRANCO-BELGES (St Saulve);2003;244000;0;0;0
0005401194;Etablissement d'Aiserey;2003;0;93000;2410;0
0006104586;PAPETERIES DE CRAN;2003;0;1370000;0;0
0005401346;NEOTISS France;2003;0;0;71000;0
0007201366;PAPETERIE D'ITEUIL;2003;0;395000;0;0
0007001091;LAMATO;2003;0;550000;0;0
0006600247;Orano Chimie Enrichissement Malvési;2003;1580000;0;85200;0
0005600289;AUBERT & DUVAL ALLIAGES;2003;0;40500;322000;0
0005500681;Capitaine Cook;2003;61300;0;19100;0
0006700671;LIFETEX;2003;0;315000;0;0
0006301151;SOCOPA VIANDES Site d'EVRON;2003;0;0;362000;0
0006104410;POUDRES HERMILLON SA;2003;649000;0;4450;0
0005100850;ETEX France Building Performance;2003;0;0;221000;0
0005101758;EUROSERUM;2003;141000;0;0;0
0006501363;CIPEL;2003;0;0;80800;0
0005800366;ARIANEGROUP SAS;2003;0;0;76500;0
0005101506;BOSTIK;2003;0;396000;23100;0
0010001142;APM Meung sur Loire;2003;374000;0;0;0
0010000625;STEARINERIE DUBOIS;2003;0;421000;39400;0
0006104459;TECHCI RHONE ALPES;2003;65500;0;751;0
0006201117;Continental France SNC;2003;0;300000;48000;0
0006103638;EDF;2003;0;58200000;8040;0
0005800587;ESSITY OPERATIONS FRANCE;2003;3200000;0;53100;0
0006506514;IVRY PARIS 13;2003;0;1290000;14700;0
0005501218;PDM INDUSTRIES;2003;0;6080000;0;0
0005202084;EUTICALS  SAS;2003;0;0;53700;0
0006103714;Air Liquide France Industrie;2003;1300000;593000;0;0
0006503972;X FAB FRANCE (ex ALTIS SEMICONDUCTOR);2003;0;271000;0;0
0006104478;MT Technology;2003;507000;0;9280;0
0005101904;PROCTER et  GAMBLE AMIENS;2003;0;0;711000;0
0005600155;CHEMVIRON FRANCE;2003;0;62800;7350;0
0006104769;SGL CARBON  SA;2003;1160000;6160000;0;0
0006301119;QUALIPAC ALUMINIUM;2003;66000;0;89100;0
0005901100;FIDAY GESTION;2003;53800;209000;10000;0
0006505345;NOVERGIE Ile-de-France CVE d'argenteuil;2003;5570;0;286000;0
0006103014;THALES AVS ex THALES ELECTRON DEVICES;2003;216000;0;11400;0
0005801418;DISTILLERIE BUSNEL;2003;0;172000;4150;0
0006104340;NICHE FUSED ALUMINA;2003;337000;0;750;0
0005702016;LE JOINT FRANCAIS;2003;92300;0;0;0
0006700501;Pascual Jus de Fruits;2003;0;0;248000;0
0005401856;JADS;2003;737000;0;9250;0
0006200735;LA MEUSIENNE;2003;0;158000;4200;0
0006301393;ELIVIA Etablissement LE LION;2003;0;0;293000;0
0005503567;MIX BUFFET;2003;0;0;55700;0
0010000002;MBDA France;2003;321000;0;47400;0
0005600069;AMIS SAS;2003;0;445000;11900;0
0010001002;AALBERTS  integrated (PEGLER YORKSHIRE);2003;138000;0;1100;0
0006102943;SATMA PPC;2003;865000;0;1390;0
0006104505;UGITECH;2003;0;5190000;23000;0
0006103875;TEINTURES ET IMPRESSIONS DE LYON;2003;350000;0;2150;0
0006600171;TERREAL LASBORDES;2003;0;108000;11800;0
0006504883;Centre CEA de Saclay;2003;0;0;1220000;0
0005101610;SAINT GOBAIN GLASS;2003;71200;438000;0;0
0005101373;ZF sachs suspension France SAS;2003;0;0;76200;0
0007000987;VENATOR Pigments France;2003;0;134000;14300;0
0006802215;DANONE;2003;0;760000;0;0
0006301421;J et C;2003;0;0;83100;0
0007000658;TEREOS France;2003;406000;0;3340;0
0006104660;BAIKOWSKI;2003;0;0;113000;0
0006102002;SIDEFAGE;2003;0;250000;2850;0
0006104257;GIVAUDAN FRANCE FRAGRANCES;2003;0;0;83100;0
0005700724;MAC CAIN ALIMENTAIRE SAS;2003;665000;0;0;0
0006300961;WALOR EXTRUSION;2003;0;28400;43200;0
0005200028;EURENCO SA;2003;60000;450000;0;0
0007002189;CAUDRESIENNE de BTA;2003;101000;0;120;0
0006102760;AGRANA FRUIT FRANCE;2003;297000;0;7600;0
0007000725;ROQUETTE TEXTILES;2003;0;252000;25300;0
0006400023;gazel energie;2003;10900000;0;0;0
0006201330;SMART FRANCE SAS;2003;0;0;103000;0
0010002254;CRISTAL UNION Etablissement de CORBEILLES;2003;95000;0;8920;0
0010000685;HUTCHINSON;2003;44000;0;10200;0
0006104714;Caux Scionzier;2003;205000;0;1800;0
0006506043;CGECP;2003;120000;0;15900;0
0006103975;Air Liquide France Industrie - site de Feyzin;2003;2190000;0;1640;0
0005201939;BIOLANDES TECHNOLOGIES SAS;2003;28100;0;29100;0
0010000313;PAULSTRA;2003;520000;0;13300;0
0005100440;SAINT LOUIS SUCRE - Etablissement de MARLE;2003;344000;2240;5790;0
0006802464;SOCIETE PORC MONTAGNE;2003;0;0;56600;0
0006501812;AGRANA FRUITS FRANCE (ex ATYS);2003;193000;0;14000;0
0005202713;SOBEGI SAS;2003;8840;714000;56600;0
0006601574;GIE CHIMIE SALINDRES;2003;1070000;0;0;0
0006401556;ORANGINA SUNTORY FRANCE PRODUCTION;2003;0;889000;3860;0
0007000063;Acument Vieux condé;2003;0;0;118000;0
0005501058;PRIMEL GASTRONOMIE;2003;0;38700;26300;0
0007000590;MOY PARK FRANCE;2003;0;0;207000;0
0006600432;SANOFI-CHIMIE;2003;2310000;0;7800;0
0006700691;HAGER ELECTRO;2003;0;0;62300;0
0005501038;ROLLAND SAS;2003;76300;44500;4160;0
0007000757;INGREDIA;2003;862000;0;796;0
0005301510;SOCIETE FROMAGERE DE SAINTE CECILE;2003;0;0;356000;0
0006104473;MSSA S.A.S.;2003;0;1240000;0;0
0010000577;INTERNATIONAL COOKWARE;2003;0;0;186000;0
0005500440;IDEX ENVIRONNEMENT BRETAGNE( SARL);2003;105000;0;12800;0
0005102404;TEREOS  STARCH & SWEETENER EUROPE;2003;8200000;0;0;0
0006401029;ESSO Raffinage SAS;2003;5000000;0;0;0
0005500976;UCLAB INDUSTRIE;2003;0;0;276000;0
0005501217;NESTLE PURINA PETCARE FRANCE (SAS);2003;0;0;224000;0
0006700457;FONDERIE DE NIEDERBRONN SAS;2003;0;23300;38100;0
0006104128;Aeroport de Lyon-Saint Exupery;2003;906000;0;75700;0
0006401079;ELENGY (TONKIN);2003;0;74100000;132000;0
0005500769;JRS  MARINE PRODUCTS LANDERNEAU;2003;0;1080000;0;0
0006503464;EDF CPE PORCHEVILLE;2003;0;400000000;12300;0
0006301217;EDF SA;2003;0;119000;988000;0
0005701531;TEREOS STARCH & SWEETENERS EUROPE;2003;409000;0;0;0
0005701929;LISI AEROSPACE;2003;206000;0;7430;0
0006301257;CHARAL La Chataîgneraie (85);2003;19000;0;61100;0
0006300907;LAITERIE SAINT PERE;2003;66500;44300;3770;0
0005501448;NOVANDIE MARCILLE RAOUL;2003;207000;0;3940;0
0005100521;TEREOS FRANCE;2003;0;4740000;104000;0
0006301516;ROXANE;2003;760000;0;0;0
0006103726;Huntsman Saint Mihiel SAS Division Huntsman Textile Effects France;2003;0;1280000;0;0
0007000740;DECOSTER-CAULLIEZ SAS;2003;0;315000;0;0
0006300940;DUPONT PERFORMANCE COATINGS France SAS - Usine du Mans;2003;0;38800;11800;0
0007300025;EDF Corse;2003;0;0;276000;0
0005102374;BONDUELLE EUROPE LONG LIFE;2003;4050000;0;0;0
0010001378;ORRION CHEMICALS ORGAFORM;2003;473000;0;4000;0
0006202250;PARMENTELAT RENE ET FILS;2003;4400;60600;3300;0
0006200199;SAINT GOBAIN PAM (Usine Foug);2003;747000;2000000;23100;0
0005501246;BOUTET NICOLAS;2003;313000;0;83200;0
0005800331;YARA France;2003;0;0;1000000;0
0006400243;SAPA PROFILES PUGET SA;2003;0;0;87800;0
0007000646;BONDUELLE EUROPE LONG LIFE (BELL) ex BCI;2003;2430000;0;0;0
0006103368;S 2 N NOVELTIS;2003;0;0;115000;0
0005701128;PEUGEOT CITROEN MECANIQUE DE L'EST SNC;2003;530000;0;72500;0
0006700649;SCHAEFFLER FRANCE U1 Haguenau;2003;0;0;72000;0
0006506146;SAREN (SIGIDURS);2003;88200;0;22100;0
0006505584;PLACOPLATRE;2003;91300;0;3510;0
0006102858;CONDAT SA;2003;132000;0;4730;0
0006103862;C2P;2003;0;0;65000;0
0007000582;BRASSERIE DE SAINT-OMER;2003;650000;0;1400;0
0006102245;TORAY FILMS EUROPE SAS;2003;4820000;0;0;0
0005800597;SAFRAN NACELLES;2003;0;0;82500;0
0005500382;CENTRE HOSPITALIER Yves le Foll;2003;0;0;126000;0
0005500031;ELIS BRETAGNE (STE);2003;0;0;79400;0
0005100097;NESTLE France SAS;2003;0;977000;109000;0
0007000581;ASTRAZENECA DUNKERQUE PRODUCTION;2003;0;0;146000;0
0006102564;BOIRON FAUGIER G.I.E;2003;350000;0;10000;0
0006702131;DS SMITH Packaging Nord EST;2003;38800;0;29900;0
0006101989;KEM ONE BALAN;2003;2240000;0;0;0
0006104466;TRIMET;2003;394000;5150000;106000;0
0006400533;ETEX France (ex SINIAT) Carpentras;2003;208000;0;68300;0
0006103098;STAHL Industrial Colorants SAS;2003;497000;0;13800;0
0006700728;Alcatel Busines Systems;2003;2410000;0;33300;0
0006301722;VALEO THERMIQUE HABITACLE;2003;0;0;147000;0
0005401892;TPC;2003;0;60800;6760;0
0005100220;SAINT LOUIS SUCRE ÉTABLISSEMENT NORD EST;2003;0;144000;10500;0
0006201021;COMPAGNIE DES FROMAGES ET RICHESMONTS;2003;0;0;306000;0
0006103723;GEPEIF STATION EPUR. DES INDUS;2003;0;0;400000;0
0006700666;Steelcase SA - Site de Strasbourg;2003;114000;0;0;0
0005701322;BONGRAIN GERARD (usine);2003;408000;0;0;0
0007000832;MAUBEUGE CONSTRUCTION AUTOMOBILE (MCA);2003;0;0;413000;0
0010000502;BERRY TUFT;2003;365000;0;0;0
0006802501;BOSTIK - USINE D'IBOS;2003;75600;0;15300;0
0006803359;MAJ ELIS Midi-Pyrénérs;2003;0;0;96300;0
0005901400;VON ROLL ISOLA FRANCE;2003;190000;0;5140;0
0005401595;CB-CHOCOLATERIE DE BOURGOGNE;2003;158000;0;27100;0
0007000190;EQIOM;2003;16500;417000;361;0
0005901397;LISI AUTOMOTVIE Former Delle;2003;76200;0;7150;0
0006102031;ARCELOR MITTAL WIRE FRANCE;2003;843000;0;6770;0
0007000588;Société de la Raffinerie de Dunkerque;2003;0;1170000;181000;0
0006401052;ARCELORMITTAL Méditerranée;2003;0;17700000;797000;0
0006400486;NATUREX;2003;63500;0;29100;0
0006200679;CSME;2003;0;7000000;12200;0
0005100464;Etablissement de VIC;2003;0;349000;4810;0
0006103731;RHODIA OPERATIONS;2003;27000000;0;165000;0
0006103134;VICAT SA;2003;0;2000000;2000;0
0006803059;ANETT 5;2003;0;63700;0;0
0006700551;Mine Amélie;2003;37300000;0;0;0
0006600514;CEA Marcoule;2003;2070000;4530000;0;0
0006103633;JTEKT AUTOMOTIVE LYON;2003;1560000;0;42000;0
0005800357;TOTAL RAFFINAGE FRANCE;2003;0;6890000;0;0
0005501193;ENTREMONT ALLIANCE Quimper;2003;0;1000000;25300;0
0006302127;AROMES DE CHACE;2003;51100;0;0;0
0006104050;NEOVALY;2003;0;0;192000;0
0006501167;Borealis Grandpuits;2003;1550000;0;270000;0
0006501602;BASF Health and Care Product France;2003;0;449000;62700;0
0006102025;NEXANS FRANCE;2003;60900;0;6390;0
0005800326;SOCABU;2003;365000;1340000;14400;0
0005500903;VOLAILLES DE L'ODET;2003;0;0;113000;0
0006702202;TFL France SAS;2003;0;0;639000;0
0006300871;MPO;2003;51100;0;0;0
0005702699;Cristal union;2003;258000;0;0;0
0005701255;ARCELORMITTAL MANOIS;2003;0;3390000;8190;0
0006103280;HERCULES SA;2003;54800;0;10100;0
0006302424;ELIS ANJOU (SAS LES LAVANDIERES);2003;0;0;87300;0
0005702103;PETIT BATEAU;2003;269000;0;3740;0
0006201943;SOCIETE MECANIQUE AUTOMOBILE DE L'EST (SMAE);2003;0;0;330000;0
0005100462;FRAÎCHEUR D'EUROPE;2003;287000;0;0;0
0006201816;INNOVENE MANUFACTURING FRANCE SAS;2003;0;3910000;38200;0
0005900367;WIENERBERGER (EX KORAMIC);2003;0;0;110000;0
0005500657;LE MOULIN DE LA MARCHE;2003;0;0;91100;0
0005800523;NESTLE France;2003;2000000;0;3490;0
0005301810;ELVIA PRINTED CIRCUIT BOARDS;2003;0;0;113000;0
0010002253;Etablissement de PITHIVIERS LE VIEIL;2003;135000;0;0;0
0005102442;PERONNE Industrie;2003;419000;0;0;0
0005301850;LIS France;2003;0;0;65100;0
0006104426;FERROPEM GROUPE FERROATLANTICA;2003;0;297000;10400;0
0005801029;POLYTECHS SAS;2003;0;0;50000;0
0006700720;SIL FALA;2003;13000000;0;4620;0
0007000489;NORPAPER AVOT-VALLEE SAS;2003;865000;0;12300;0
0007000621;ARC FRANCE;2003;500000;1160000;0;0
0005401254;APERAM ALLOYS IMPHY;2003;0;2580000;49100;0
0018300019;PERNOD RICARD FRANCE SAS;2003;84600;0;60;0
0006700774;INTERDECAF;2003;1540000;0;24700;0
0005101670;FRANCOLOR PIGMENTS;2003;0;547000;6210;0
0005401402;AMORA MAILLE Chevigny;2003;0;0;74800;0
0005104869;KME France SAS;2003;41100;5550000;40400;0
0005300092;RENAULT TRUCKS;2003;7050;151000;46600;0
0010000702;MICHELIN;2003;201000;0;0;0
0006400337;KERRY FLAVOURS FRANCE SAS;2003;0;0;104000;0
0005501214;BIGARD Site de Quimperlé;2003;0;0;841000;0
0005301827;CARGILL FRANCE SAS - site de Baupte;2003;258000;605000;28300;0
0006103108;VICAT;2003;561000;0;5490;0
0005900761;ERASTEEL CHAMPAGNOLE;2003;85900;0;900;0
0005101475;PSM SA;2003;0;2140000;12500;0
0006202021;CLAAS FRANCE;2003;95900;0;32600;0
0006200736;ARCELORMITTAL WIRE FRANCE;2003;0;471000;14000;0
0006201439;RLD LORRAINE;2003;32100;0;26800;0
0006302371;PRODIA OUEST;2003;76100;0;5820;0
0007001030;SICAL;2003;580000;0;0;0
0006700537;AMCOR (ex ALCAN);2003;37300;0;20200;0
0010600289;SAFRAN LANDING SYSTEMS (ex MESSIER BUGA);2003;225000;0;7770;0
0006103223;GRENOBLE-ALPES METROPOLE;2003;193000;0;4980;0
0005701288;ARCELOR MITTAL TUBULAR PRODUCTS HAUTMONT;2003;0;482000;6870;0
0005100557;AHLSTROM CHANTRAINE;2003;157000;633000;45100;0
0007000437;HAAGEN DAZS;2003;0;0;141000;0
0006102152;CARRIER SCS;2003;206000;0;16500;0
0005600024;VICAT SA;2003;791000;0;23400;0
0006400499;SEPR;2003;2760000;132000;159000;0
0006103224;PAPETERIE DE FURES;2003;0;145000;800;0
0007000772;PREFERE RESINS FRANCE (ex DYNEA);2003;0;9000000;4880;0
0007403769;SEMMARIS;2003;0;0;536000;0
0006700471;BOREALIS PEC RHIN;2003;1900000;119000000;20500;0
0006104606;ST DUPONT;2003;517000;0;14600;0
0005201222;ETEX FRANCE BUILDING PERFORMANCE;2003;0;0;105000;0
0007002729;BARDUSCH - TBN FontaineND;2003;96300;0;0;0
0006301085;EURIAL;2003;0;0;180000;0
0005101452;SICA SAINT YVES;2003;227000;0;293;0
0006202172;MARCILLAT CORCIEUX;2003;0;549000;3530;0
0007000690;CONTINENTALE NUTRITION- SITE MARENGO I;2003;0;0;115000;0
0006802175;PRAXAIR PHP SAS;2003;0;457000;15900;0
0006106993;PORCHER INDUSTRIES;2003;0;0;68900;0
0006103381;INDUSTEEL FRANCE;2003;0;539000;50300;0
0005500613;Marie (ex Générale traiteur);2003;0;0;67000;0
0005902723;GEMDOUBS (ex PAPETERIE DU DOUBS ex OTOR);2003;491000;0;0;0
0006202335;GANTOIS;2003;0;116000;838;0
0006402197;BLANCHISSERIE SANTALYS;2003;0;0;57900;0
0005800398;CRISTAL UNION;2003;55600;0;0;0
0010000033;MANUFACTURE FRANCAISE DES PNEUMATIQUES MICHELIN;2003;458000;0;6150;0
0006700722;ALSACE LAIT;2003;2100000;0;0;0
0005501486;CARGILL;2003;0;626000;0;0
0005801230;BOBET;2003;56000;0;8000;0
0005800387;CIE FRANCAISE ECO HUILE;2003;0;0;123000;0
0006102316;Papeteries Canson SAS;2003;0;531000;4310;0
0006300950;STELIA AEROSPACE;2003;0;0;96300;0
0006802519;GIAT Industries - Centre de Tarbes;2003;703000;0;0;0
0006104223;METROPOLE DE LYON - Unité de Traitement de de Valorisation Energétique des déchets urbains de Lyon Sud;2003;80600000;0;48200;0
0006700577;ROSSMANN;2003;42000;30200;2390;0
0007001236;ARC BLARINGHEM;2003;8470;164000;15300;0
0005100257;VERALLIA FRANCE (ex St Gobain Emballage);2003;152000;715000;1900;0
0007001304;WIZPAPER SAS;2003;2080000;14000;2110;0
0005100536;WILLIAM SAURIN PRODUCTION;2003;658000;0;0;0
0005202016;Usine DRT Vielle-Saint-Girons;2003;1100000;0;13300;0
0006802344;AIRBUS OPERATIONS SAS site Clément Ader;2003;0;0;65400;0
0007002772;PLASTIC OMNIUM COMPOSITES;2003;5240;0;45900;0
0006105219;RHODIA OPERATIONS GE ACETOL;2003;10000000;0;0;0
0006103396;M.F.DES PNEUMATIQUES MICHELIN;2003;0;0;122000;0
0006700428;CENPA SAS;2003;0;987000;60000;0
0005503619;ELIS LOCALINGE;2003;62400;0;22600;0
0006202062;SOUCHE PARTICIPATION;2003;399000;1.11;0;0
0005801573;MALTERIES SOUFFLET;2003;370000;0;2400;0
0006103760;TEINTURE DE SAINT JEAN                xx;2003;0;0;95800;0
0006702247;DAIICHI SANKYO ALTKIRCH SARL;2003;0;0;83800;0
0006104577;HACER TRAITEMENTS DE SURFACE;2003;155000;0;18700;0
0006103523;OI FRANCE SAS;2003;0;84600;6670;0
0006205703;SOVOS Tannerie Grosjean;2003;1380;96300;320;0
0006600640;TECHNICENTRE INDUSTRIEL NEVERS LANGUEDOC;2003;59300;0;10700;0
0005701238;FBM - Fonderie;2003;684000;0;0;0
0006701094;STANDART SAS;2003;274000;0;412;0
0006503465;ALPA ACIERIES LAMINOIRS PARIS;2003;0;0;444000;0
0005101048;Société LAITIERE DE CLERMONT;2003;286000;0;2910;0
0007000445;DSM Food Specialties;2003;1150000;0;8000;0
0005401490;AMORA MAILLE SI Usine de Dijon;2003;0;0;203000;0
0006300974;Terminal Méthanier;2003;0;100000000;33000;0
0006601357;ARCELORMITTAL MEDITERRANNEE;2003;17700;492000;17400;0
0007001789;NOVANDIE (SAS)-(ex Générale UItra Frais);2003;444000;0;898;0
0005201261;ARIANEGROUP;2003;0;2000000;91900;0
0005801305;FERRERO FRANCE;2003;35200;0;16300;0
0007000733;RHODIA OPERATIONS;2003;733000;106000;117000;0
0010400074;GIE SPIRAL;2003;22300000;42700000;0;0
0007001034;SNCF - TECHNICENTRE D'HELLEMMES;2003;77900;0;19800;0
0006102272;Trédi Saint Vulbas;2003;1170000;0;347000;0
0006503970;HELIO CORBEIL;2003;0;0;76400;0
0005500150;LES LAVANDIERES SAS;2003;72600;0;2610;0
0005800355;ARKEMA;2003;0;633000;65800;0
0005101952;NESTLE production PURINA PETCARE;2003;714000;0;0;0
0005502142;MICHELIN  Vannes;2003;21700;0;363000;0
0005401874;KALHYGE 3 LONGVIC;2003;0;0;88500;0
0007001124;COCA-COLA PRODUCTION SAS;2003;0;0;848000;0
0006102124;VERALLIA Lagnieu;2003;229000;0;0;0
0006201313;ASCOMETAL HAGONDANGE SAS;2003;0;0;982000;0
0006400787;ROUSSELOT CAMP MAJOR;2003;542000;0;187000;0
0006104357;RUBANOX CHAMBERY;2003;49400;0;22100;0
0005702108;LACOSTE OPERATIONS;2003;0;336000;0;0
0005600334;CRISTAL UNION;2003;0;112000;33700;0
0005201743;INERTAM SAS;2003;49100;0;2900;0
0005900534;NESTLE FRANCE;2003;0;503;75000;0
0005101473;HUTTENES ALBERTUS FRANCE;2003;126000;0;9360;0
0005301493;COMPAGNIE DES FROMAGES & RICHESMONTS SCA;2003;0;0;256000;0
0006102315;IVECO BUS;2003;0;0;67300;0
0006104424;MERLIN GERIN ALPES;2003;0;0;157000;0
0006104159;LAFAYETTE - ELM Opérations;2003;148000;0;20700;0
0005100190;DSP France SAS  (ex DOW FRANCE);2003;792000;1070000;23800;0
0010100002;PHILIPS Lighting France Miribel;2003;56800;0;0;0
0007001033;PINGUIN (ex SICA DE LA VALLEE DE LA LYS);2003;0;0;205000;0
0006503487;RAMBOL SAS;2003;0;0;59700;0
0005100907;BEREZECKI;2003;0;0;51500;0
0006505094;PMC ISOCHEM;2003;225000;0;50000;0
0007000918;TOTAL Raffinage France SA;2003;0;0;3370000;0
0006104534;GRAPHOCOLOR;2003;0;0;229000;0
0006103075;Usine de Rives;2003;0;2200000;24900;0
0005401301;DAVEY BICKFORD;2003;0;172000;27000;0
0006103634;AIR LIQUIDE;2003;50000;0;0;0
0006102586;HAUPT PHARMA LIVRON;2003;177000;0;29700;0
0006201721;CENTRE DE PRODUCTION THERMIQUE EDF;2003;0;5210000;22500;0
0006700800;BRASSERIE METEOR;2003;30000;60000;200000;0
0006201286;ArcelorMittal Gandrange;2003;853000;2050000;0;0
0006102033;UGITECH;2003;176000;0;7860;0
0005500668;SOCOPA VIANDES CHATEAUNEUF;2003;0;0;313000;0
0006201471;ARCELORMITTAL MAIZIERES RESEARCH;2003;21500;0;34800;0
0005800439;CHEVRON ORONITE SAS;2003;0;0;732000;0
0006400879;Rizerie SOUFFLET ALIMENTAIRE CAMARGUE;2003;857000;0;2060;0
0007201348;RHODIA  OPERATIONS (Groupe SOLVAY);2003;1470000;211000;71300;0
0007000442;SAINT GOBAIN GLASS FRANCE;2003;222000;0;0;0
0005901115;COMPAGNIE FRANCAISE DU PANNEAU;2003;87400;0;6890;0
0006102445;ITDT SCOP;2003;353000;0;391;0
0006200031;MANUFACTURE DE BACCARAT;2003;215000;79500;0;0
0005401359;Salzgitter Mannessmann Stainless Tubes France;2003;0;520000;23200;0
0005200266;ORION ENGENEERED CARBONS SAS;2003;351000;0;0;0
0005701965;ACCURIDE;2003;307000;0;6160;0
0005701491;OI MANUFACTURING France - Usine de REIMS FOOD;2003;80000;0;124000;0
0006700688;HEINEKEN ENTREPRISE SAS;2003;798000;0;0;0
0005200086;CONDAT SAS;2003;0;10400000;106000;0
0005701719;TEREOS FRANCE;2003;0;108000;193000;0
0007000883;TREFILEUROPE;2003;172000;0;12000;0
0005800595;HOLOPHANE SAS;2003;409000;60;3530;0
0005401087;S.P.T.P;2003;262000;0;325;0
0005102598;Cristal Union, établissement de Sainte Emilie;2003;343000;0;0;0
0005800299;TOTAL FLUIDES;2003;0;0;390000;0
0005102297;EVONIK REXIM ham;2003;798000;0;5280;0
0006102020;MAIRE SOLUTIONS TEXTILES;2003;249000;0;0;0
0006202256;OI Manufacturing France;2003;0;448000;50000;0
0010700259;Europac Cartonnerie France Savoie;2003;0;62000;1740;0
0006700515;Burda Druck France (ex BRAUN);2003;0;0;100000;0
0005502033;SAUPIQUET;2003;0;0;426000;0
0005701115;Société Ardennaise Industrielle;2003;0;54000;26700;0
0007000953;Société Nouvelle WM;2003;178000;0;592;0
0005100964;INITIAL;2003;57900;0;203;0
0006301945;MARIE SURGELES USINE;2003;95800;0;8810;0
0005100196;SCCC ( Société de coulée Continue de Cuivre );2003;316000;0;0;0
0006105224;PRAYON;2003;930000;0;0;0
0006700403;ROSSMANN Sainte-Croix-aux-Mines;2003;0;307000;11300;0
0005702603;Knauf Industries;2003;48800;0;2000;0
0006600299;FORMICA (Quillan - La Ville);2003;0;650000;1850;0
0005800297;TOTAL RAFFINAGE FRANCE;2003;410000;8940000;126000;0
0005401303;NOVASERRE Foissy;2003;83000;0;150;0
0005600333;MANUF FRANC PNEUMATIQ MICHELIN;2003;0;0;168000;0
0005100886;GIMA;2003;49600;0;12200;0
0006700464;ETEX FRANCE BUILDING PERFORMANCE;2003;164000;0;3980;0
0005302137;HME BRASS FRANCE SAS;2003;459000;0;11800;0
0009000016;Ecole Polytechnique;2003;0;0;226000;0
0005902583;FACEL;2003;0;651000;6570;0
0005702203;BIGARD Vitry abattoir;2003;14500;0;66300;0
0007002547;Nitrochimie - USINE DE BILLY BERCLAU;2003;98800;0;0;0
0006102944;SIEGL;2003;68700;68700;760;0
0007002487;COMILOG France;2003;306000;40700000;56700;0
0006401007;COMPAGNIE PETROCHIMIQUE DE BERRE SAS;2003;0;0;9930000;0
0006802513;FERROPEM;2003;0;1120000;0;0
0007000798;ENERSYS SARL;2003;0;0;95500;0
0006102784;SETILA S.A.;2003;316000;0;3650;0
0006506313;SHELL(ExSOCIETE DES LUBRIFIANTS DE NANT);2003;0;219000;38400;0
0005100635;T. A. S. Q. SA;2003;245000;0;0;0
0007001005;DALKIA;2003;0;0;217000;0
0006104379;ARKEMA USINE DE LA CHAMBRE;2003;6470000;6410000;12800;0
0006104306;GRID Solutions;2003;0;52300;177;0
0006102440;MIXT COMPOSITES RECYCLABLES;2003;164000;0;765;0
0006102920;Papeterie des Deux Guiers;2003;0;1160000;11300;0
0006202183;ETABLISSEMENT PAPETERIES DE DOCELLES;2003;1140000;0;0;0
0006503289;CALCIA gargenville (cimenterie);2003;0;1620000;19000;0
0006302062;CENTRE HOSPITALIER LE MANS;2003;0;0;54200;0
0006700674;STAL;2003;0;69900;17700;0
0006700386;SITDCE - CENTRE DE VALORISATION ENERGETIQUE;2003;58600;0;1400;0
0006500055;Corning SAS;2003;261000;4660;3220;0
0005702112;TRICO 3;2003;230000;0;0;0
0006500054;THOMSON VIDEOGLASS;2003;1610000;0;1620;0
0005702196;AT FRANCE;2003;0;0;98700;0
0010000714;FAREVA Amboise;2003;0;0;124000;0
0005102490;SITPA  Rosieres;2003;0;0;1350000;0
0006503472;FAPROREAL (ex GMG ex FAPROGI);2003;0;0;156000;0
0006102296;MARIE USINE VIRIAT;2003;0;0;56200;0
0010004219;PROCTER ET GAMBLE BLOIS;2003;0;0;331000;0
0005600219;RECTICEL SAS;2003;0;42900;15000;0
0005702106;FRANCE TEINTURE (ex. T.D.C.);2003;0;1080000;0;0
0010000451;Cristal Union - Etablissement Toury;2003;562000;0;5410;0
0006701021;OCTAPHARMA S.A.S;2003;744000;0;104000;0
0006506349;Peugeot Citroën Automobiles S.A. Aulnay;2003;643000;0;95100;0
0005102368;E.D.S. ( Eponge De la Somme );2003;95900;0;843;0
0006802444;Société Laitière de Montauban;2003;10500;197000;0;0
0005302589;ESSITY OPERATIONS LE THEIL;2003;675000;0;0;0
0006200328;ARCELOR MITTAL TUBULAR PRODUCTS LEXY;2003;600000;0;5060;0
0005401097;PPG ARCHITECTURAL;2003;0;0;86900;0
0006103996;Ets MAMET & Cie;2003;0;0;259000;0
0005201375;O-I France SAS;2003;175000;0;0;0
0006205633;EDF Direction Production Ingénierie;2003;44600;9000000;10000;0
0005104803;CLAL-FRANCE;2003;407000;0;5190;0
0005800384;SYNGENTA PRODUCTION FRANCE SAS;2003;155000;0;5180;0
0005701236;LAFIS BOLOGNE;2003;0;358000;59400;0
0007002377;THYSSEN KRUPP ELECTRICAL STEEL UGO;2003;47000;595000;343;0
0007000958;ARCELORMITTAL ATLANTIQUE et LORRAINE;2003;72700;0;5790;0
0006700463;PUNCH POWERGLIDE (Ex GM);2003;4680000;0;51000;0
0005900608;PEUGEOT CITROEN SOCHAUX SNC;2003;0;5540000;0;0
0006700668;BLUE PAPER;2003;10500000;0;30200;0
0006103837;Robert BOSCH France SAS - Usine de Vénissieux;2003;2120000;0;0;0
0006401019;ASCOMETAL Fos-sur-Mer;2003;0;0;941000;0
0010500025;Source Badoit;2003;16500;0;87800;0
0006506454;CPCU ST OUEN I & II;2003;0;1400000;15700;0
0006500049;KERAGLASS;2003;85600;4660;1990;0
0006402097;SIBELCO Bédoin;2003;476000;0;2400;0
0005101917;WHIRLPOOL;2003;78800;0;25200;0
0006400489;ANNUNZIATA France;2003;0;367000;0;0
0005401089;IFF;2003;5900;0;81500;0
0006700480;WAGRAM TERMINAL SAS;2003;17100000;0;0;0
0006402259;SERAMM Usine des boues;2003;0;218000;41000;0
0006105222;ELKEM SILICONES FRANCE;2003;12000000;0;0;0
0006000454;SETHELEC;2003;0;73600;0;0
0007001919;LEROUX;2003;0;0;64000;0
0006201074;Cokes de Carling SAS;2003;0;0;1550000;0
0006103839;SAVOIE REFRACTAIRES;2003;98300;0;11000;0
0006103787;TEINTURERIES DE LA TURDINE-BLD TURDINE;2003;0;0;385000;0
0005701723;OMYA Usine;2003;250000;0;7370;0
0006503344;DOMA;2003;130000;0;0;0
0025100039;ArcelorMittal Stainless and Nickel Alloys Wire;2003;0;2310000;29000;0
0006700717;FONDERIE DE LA BRUCHE - COLIBRU;2003;0;178000;4820;0
0006103294;TECHNIQUES SURFACES ANDREZIEUX;2003;0;0;60000;0
0005202609;TOTAL E&P France;2003;0;13600000;87600;0
0006700584;KEMIRA CHIMIE SASU (Sausheim);2003;64600;0;9000;0
0006103773;Aoste SNC - établissement de Saint-Symphorien;2003;0;0;56800;0
0005800620;SAFRAN AEROSYSTEMS;2003;266000;0;455;0
0006700795;SITEK INSULATION S.A.S.;2003;0;94400;7540;0
0006103265;VICAT - PAPETERIES DE VIZILLE;2003;2150000;0;0;0
0006200920;SUEZ RV MEUSE (ex-MEUSE ENERGIE);2003;93000;0;0;0
0010000317;LG PHILIPS DISPLAYS France;2003;1800000;0;0;0
0006103682;Ateliers A.S.;2003;186000;0;4760;0
0006700541;EUROGLAS;2003;0;6570000;14300;0
0007000673;ASCOMETAL LES DUNES;2003;183000;3130000;129000;0
0006200539;SAINT GOBAIN PAM;2003;1000000;20000000;0;0
0005901098;MILLERET Fromagerie;2003;0;0;142000;0
0005201764;CHEMVIRON;2003;459000;0;0;0
0006105223;ADISSEO FRANCE SAS;2003;3650000;0;0;0
0005401335;SUMIRIKO Rubber Compounding France;2003;2200000;0;28000;0
0005401100;AMCOR FLEXIBLES PACKAGING France;2003;129000;0;28500;0
0006300888;ALVA;2003;0;0;115000;0
0006302265;TOQUE ANGEVINE (LA);2003;0;0;73800;0
0006204560;LA SNET - Centrale Emile Huchet;2003;12700000;1930000;52300;0
0010001585;SIFA TECHNOLOGIES SA (GROUPE ARCHE);2003;592000;0;0;0
0006202229;PAPETERIES DE CLAIREFONTAINE;2003;0;3270000;18000;0
0006000314;SMURFIT KAPPA Papier Recyclé France;2003;0;1670000;5200;0
0005501651;FONDERIE DE BRETAGNE;2003;34600;0;140000;0
0007000991;HERTA;2003;0;0;525000;0
0007000663;UNIPER FRANCE POWER SAS ex-EON ex-SNET;2003;444000;1200000;0;0
0006600803;UNION DES DISTILLERIES DE LA MEDITERRANE;2003;0;0;149000;0
0006104688;CLARIANT PLASTICS & COATINGS FRANCE;2003;0;288000;12200;0
0006300905;SABOURIN SAS;2003;127000;0;64200;0
0005401127;ESSEX;2003;114000;0;13600;0
0006104736;T2R;2003;70000;0;0;0
0005800416;POCHET DU COURVAL;2003;1800000;0;11900;0
0006700673;VALEAURHIN;2003;2440000;0;3500;0
0024800004;CMD Engrenages et Réducteurs;2003;0;106000;2120;0
0006104565;SYND MIXTE DU LAC D ANNECY;2003;0;0;278000;0
0006202599;Tréfileries de XERTIGNY;2003;171000;0;0;0
0006103727;ELKEM SILICONES FRANCE SAS;2003;4960000;0;0;0
0006700677;Charcuterie Alsacienne de Molsheim ILLER S.A;2003;0;0;92600;0
0006202492;MAILLE VERTE DES VOSGES;2003;0;70700;0;0
0005201623;NANKAI PLYWOOD ROLPIN (NP ROLPIN);2003;349000;0;4850;0
0006700497;HAG COFFEX Site Coffex;2003;2360000;0;20100;0
0005500166;GELAGRI BRETAGNE;2003;0;0;443000;0
0006104232;BOEHRINGER INGELHEIM ANIMAL HEALTH FRANCE;2003;854000;0;62500;0
0007001142;FINDUS France (SA);2003;0;0;95700;0
0006202065;European Printed Products (E2P);2003;127000;0;0;0
0005101677;SABIC Innovative Plastics ABS France;2003;29800;1790000;30300;0
0005902679;FLEX-N-GATE (AEE - FAURECIA);2003;0;197000;86400;0
0005101669;ARKEMA Usine de Villers saint Paul;2003;438000;4790000;41200;0
0005501172;MERALLIANCE ARMORIC;2003;0;0;71200;0
0006301564;FROMAGERIES LESCURE;2003;23100;71800;34000;0
0005201793;SONY FRANCE usine de Dax;2003;76500;0;12800;0
0006102900;Papeteries des alpes;2003;2050000;0;0;0
0006000457;VALDI;2003;0;58000;1000;0
0006700505;LES ATELIERS REUNIS REVETEMENT SAS;2003;2060000;0;1230;0
0005501351;NOBELSPORT;2003;0;512000;12900;0
0006102021;TPA ENNOBLISSEMENT;2003;0;0;147000;0
0010700150;OCV CHAMBERY(Usine B);2003;173000;0;2120;0
0006104236;SITL;2003;1230000;0;53300;0
0005600136;QUALIPAC AURILLAC;2003;0;0;56600;0
0005501327;GLATFELTER SCAER SAS;2003;0;896000;0;0
0006202070;SITPA SAS;2003;47000;80700;96500;0
0005500920;ALGAIA;2003;0;582000;0;0
0005701486;Centre Hospitalier Universitaire de Reims;2003;0;0;300000;0
0005207266;Centre de Stockage de Lussagnet;2003;60300;0;6870;0
0007000962;IMERYS ALUMINATES - Usine de Dunkerque;2003;0;0;124000;0
0006400898;SOCIETE PROVENCALE DES BITUMES;2003;60000;0;300;0
0005101927;USINE AMIENS NORD (GOODYEAR);2003;0;0;2980000;0
0005501179;SAS DOUX PERE DODU;2003;210000;0;34000;0
0006301344;Syner'Val;2003;0;0;231000;0
0006103721;Polytechnyl;2003;0;0;2200000;0
0006400979;CABOT France;2003;0;0;560000;0
0006201311;SETFORGE SOCIETE NOUVELLE;2003;0;0;220000;0
0005101078;COLGATE PALMOLIVE;2003;359000;0;368000;0
0006503523;CNIM THIVERVAL GRIGNON;2003;0;0;162000;0
0005701501;GALVANOPLAST Reims;2003;79800;0;0;0
0006200869;DHS BLANCHISSERIE HYRIS;2003;76700;0;522;0
0005800794;CINRAM OPTICAL DISCS;2003;130000;0;0;0
0005702109;SOTRATEX SAS;2003;374000;0;0;0
0005701344;ENTREMONT SODIAAL;2003;0;0;122000;0
0006103685;ARKEMA FRANCE;2003;15000000;18900000;290000;0
0007000951;SOTRENOR;2003;126000;0;9300;0
0006301130;SOCOPA ENTREPRISE SICO;2003;0;0;420000;0
0007000632;VTFR Tuberie (ex V&M France - TUBERIE);2003;0;505000;31800;0
0005101339;UNILEVER FRANCE HPC Industries;2003;0;0;153000;0
0005102328;PROSPA;2003;137000;0;6000;0
0006802185;Papeteries de Saint-Girons SAS;2003;0;3000000;9740;0
0005800437;ORFEVRERIE CHRISTOFLE;2003;113000;0;2640;0
0005501050;SOVALEG SAS;2003;0;0;121000;0
0006201080;EURIAL ULTRA FRAIS;2003;0;0;133000;0
0006702209;SIVOM agglo mulhousienne Sausheim - UIOM;2003;182000;0;0;0
0006500024;SAINT-GOBAIN DESJONQUERES Usine de SUCY EN BRIE;2003;185000;0;22400;0
0006400552;SNPE MATERIAUX ENERGETIQUES (SME);2003;4680000;1080000;30200;0
0005800417;COSTIL Pont-Audemer UNT;2003;0;211000;0;0
0005501487;OVAKO;2003;77900;0;0;0
0006201257;VFT France;2003;0;0;153000;0
0006700507;NUFARM s.a.,usine de Mulhouse;2003;335000;0;1330;0
0006201118;Unité d'Exploitation La Houve 'Siège 2';2003;4000000;1000000;0;0
0005401148;SARREGUEMINES VAISSELLE usine de Digoin;2003;82300;4050;7000;0
0006102200;AKZO NOBEL INDUSTRIAL FINISHES (ANIF);2003;197000;0;2830;0
0005201250;ROXEL FRANCE;2003;0;744000;30600;0
0006102312;CANSON SAS;2003;0;461000;6890;0
0005701290;FERRY CAPITAIN;2003;0;517000;12200;0
0006102887;USINE DE CROLLES;2003;135000;0;92100;0
0010004585;SWISS KRONO;2003;71700;22900;10500;0
0005500609;BUNGE France;2003;0;0;216000;0
0005101637;OLEON (ex NOVANCE);2003;2120000;0;193;0
0005802304;LUNOR DISTRIBUTION;2003;0;0;191000;0
0006103187;LINDE FRANCE S.A. SALAISE;2003;159000;0;36000;0
0005800410;RENAULT S.N.C.;2003;2000000;0;71900;0
0005501490;ST MICROELECTRONICS;2003;0;0;228000;0
0006103052;PAPETERIES DU PONT DE CLAIX;2003;1950000;0;0;0
0006700510;CADDIE S.A.;2003;124000;0;9700;0
0006104578;SOC CAUX TRAITEMENT DE SURFACE;2003;60000;0;1340;0
0005800305;TOURRES ET CIE;2003;0;0;100000;0
0005701734;MALTEUROP FRANCE - Pringy;2003;148000;0;0;0
0005503363;Marine Harvest Kritsen;2003;57700;0;51100;0
0005801173;OMNOVA Solutions;2003;0;0;708000;0
0005201648;DARBO SAS;2003;107000;0;0;0
0006700493;Messier-Bugatti-Dowty;2003;33600;0;65700;0
0006401794;STMicroelectronics (FAB6);2003;0;0;873000;0
0005101138;CLARIANT PRODUCTION (France);2003;0;6000000;42800;0
0010001779;DELPHI  FRANCE;2003;46900;0;22000;0
0006202174;MARCILLAT CORCIEUX site ETS ASMAR;2003;182000;12300;2800;0
0006201963;AKERS France usine de Thionville;2003;352000;0;15500;0
0005401296;Usine de Frangey;2003;203000;0;922;0
0006103282;STEPAN EUROPE SA;2003;38400;0;18100;0
0005701479;HENKEL France;2003;48000;0;6460;0
0005300235;Saint Louis Sucre Site de Cagny;2003;83500;0;9780;0
0010400104;NOVAPEX;2003;13100000;0;0;0
0006104612;DELPHARM EX BAYER SANTE FAMILIALE S.A.S.;2003;0;0;50700;0
0010003878;CIMENTS CALCIA - SITE DE BEFFES;2003;0;160000;0;0
0005701847;ALFAFLEX;2003;222000;0;0;0
0006301481;VAUBERNIER;2003;0;0;122000;0
0005501866;GREENYARD FROZEN FRANCE (ex CGS);2003;202000;0;9270;0
0005401220;VERALLIA FRANCE;2003;115000;33200;16300;0
0005701475;OI Manufacturing france;2003;89700;0;24800;0
0007000821;NYRSTAR FRANCE;2003;0;5210000;126000;0
0006401567;LAFARGEHOLCIM CIMENTS;2003;0;0;290000;0
0006200004;DAUM;2003;74600;0;0;0
0006400538;MALAUCENE INDUSTRIES;2003;0;720000;0;0
0005104683;FRONERI BEAUVAIS;2003;0;0;858000;0
0006104225;STEF Logistique Rhône Alpes Site de Lyon Gerland;2003;780000;0;9770;0
0005401415;ISOVER ST GOBAIN;2003;0;0;144000;0
0005401252;FPT POWERTRAIN TECHNOLOGIES FRANCE SA;2003;200000;0;13400;0
0009000005;DGA Essais propulseurs;2003;168000;0;0;0
0005501191;SAUPIQUET;2003;0;0;139000;0
0006504918;ANETT TROIS;2003;121000;0;0;0
0010000635;Recipharm Monts;2003;107000;0;5500;0
0006702264;Groupe Hospitalier Région de Mulhouse et Sud Alsace;2003;0;0;197000;0
0006102435;LAFARGE CIMENTS;2003;975000;0;0;0
0006504556;ENORIS;2003;0;0;72200;0
0007001044;LNUF Marques - Cuincy;2003;557000;0;0;0
0010400110;Usine d'incinération des ordures ménagères au SITOM Nord Isère;2003;325000;0;0;0
0006200838;RENE JEAN MARCHAL;2003;115000;0;0;0
0006502612;SIETREM (exploitation Novergie IdF);2003;0;0;193000;0
0007000747;SOGEFI SUSPENSIONS FRANCE SA  (ex ALLEVA;2003;24000;0;37500;0
0006103847;Bosch Rexroth;2003;414000;0;5410;0
0005701280;ETILAM;2003;0;511000;7900;0
0010000504;LHOIST FRANCE OUEST;2003;200000;0;0;0
0006201864;CLARIOS SARREGUEMINES SAS;2003;0;0;119000;0
0006301201;S20 INDUSTRIES;2003;106000;0;19200;0
0005701428;Cristal - UnionEts de Bazancourt site de Betheniville;2003;494000;0;52200;0
0006701518;FAURECIA INSPIRING MOBILITY;2003;197000;0;3600;0
0006401035;PHONENIX SERVICES FRANCE;2003;0;0;700000;0
0005501901;BRETAGNE CHIMIE FINE;2003;0;158000;12800;0
0006700444;Arconic Architectural Products S.A.S.;2003;191000;0;2060;0
0006700775;COSTIL TANNERIES DE FRANCE SAS;2003;184000;0;4170;0
0006102817;BALAY SA;2003;104000;0;907;0
0006700567;DS SMITH PAPER KAYSERSBERG;2003;0;2100000;0;0
0006200395;TRAILOR;2003;0;0;238000000;0
0005800412;SANOFI CHIMIE SA;2003;11200000;0;34800;0
0006700626;VIRTUOSE;2003;0;116000;8650;0
0006102837;TECUMSEH CESSIEU SAS;2003;83000;0;0;0
0006505575;EDF CPE Champagne sur oise;2003;64100;2750000;1870;0
0006200037;SOVAB;2003;0;0;282000;0
0007001335;O-I FRANCE SAS usine de WINGLES;2003;180000;0;7260;0
0006104364;OCV CHAMBERY (Usine C);2003;317000;0;9370;0
0006103493;VERALLIA FRANCE (ST GOBAIN EMBALLAGE);2003;50100;15300;83800;0
0005801260;centre de traitement des déchets;2003;0;1110000;8160;0
0007000523;EXIDE TECHNOLOGIES SAS;2003;469000;0;99400;0
0006401133;ABC INDUSTRIE;2003;372000;0;0;0
0006103897;ACI VILLEURBANNE;2003;90800;0;5870;0
0005401857;NOVASERRE Rousson;2003;102000;0;150;0
0005202342;TORAY CARBONS FIBERS EUROPE SA;2003;131000;0;19300;0
0005200598;SOFERTI BORDEAUX;2003;0;873000;115000;0
0006301096;TDV INDUSTRIES;2003;0;167000;19700;0
0006505935;CEFIVAL;2003;375000;0;1250;0
0006503183;HELYSEO;2003;0;0;90400;0
0010700152;Saint-Gobain Vetrotex France Etablissement Textile;2003;378000;0;8550;0
0005800610;SAINT LOUIS SUCRE;2003;85400;0;6010;0
0005501107;CAPITAINE COOK;2003;61300;0;12100;0
0006503170;ITON SEINE;2003;0;328000;53100;0
0006102938;LAMINOIRS ALUMINIUM FROGES 'LAF' SaS;2003;210000;0;11600;0
0005100349;SOPROCOS;2003;118000;0;1650;0
0005701122;CANELIA;2003;92900;0;0;0
0005500872;USINE DE SURGELATION DE LANDERNEAU;2003;0;0;107000;0
0005302882;SIRAC;2003;108000;0;3700;0
0006104358;SAVOIE DECHETS;2003;507000;0;0;0
0005701685;SPS / SAF;2003;483000;0;2270;0
0007000637;MG-VALDUNES;2003;0;821000;11000;0
0006601262;Centrale de Cogénération de Sète;2003;0;0;96000;0
0006301011;FROMAGERE DE BOUVRON (société);2003;0;0;386000;0
0005500127;ELCI;2003;0;0;135000;0
0005202511;CELSA France SAS;2003;874000;0;73000;0
0006506453;Dalkia Wastenergy;2003;0;1350000;4670;0
0006202068;AHLSTROM-MUNKSJÖ ARCHES;2003;2420000;2400000;0;0
0006506236;Chaufferie de VAUGIRARD;2003;0;0;163000;0
0005512709;GROUPE ROCHER OPERATIONS;2003;0;0;52400;0
0006400913;IMERYS PCC France  (ex Solvay SF ex-CCP);2003;0;1820000;125000;0
0006200720;KIMBERLY CLARK SAS;2003;0;4000000;0;0
0005900544;APERAM STAINLESS PRECISION;2003;0;473000;0;0
0006000361;Société BLEDINA;2003;0;0;68300;0
0005501236;BONDUELLE TRAITEUR (Saladerie);2003;0;0;60000;0
0007000677;Société Nouvelle WM;2003;92600;0;3090;0
0007000670;AGLAFORM;2003;89000;0;0;0
0005100466;INTERSNACK FRANCE ex-VICO SA;2003;1000000;0;0;0
0007000750;RECYTECH;2003;41300;0;48200;0
0006700630;KUHN SAS;2003;148000;0;1550;0
0007402356;MAJ;2003;166000;0;12000;0
0005901990;SERTRID;2003;52100;0;18300;0
0007002235;CIDEME;2003;79600;0;186;0
0005401350;FRANCANO Industrie;2003;0;55900;0;0
0010100096;ENTREMONT - Usine de Trébillet;2003;0;788000;0;0
0010400103;ACETEX INTERMEDIATES;2003;2010000;0;0;0
0005701604;DELPHARM REIMS;2003;633000;0;118000;0
0005701671;TEREOS NUTRITION ANIMALE;2003;0;0;53900;0
0005701253;SAINT-GOBAIN PAM;2003;0;3660000;8290;0
0006400518;COMPAGNIE GENERALE DES EAUX DE SOURCE;2003;356000;0;0;0
0005401970;LYONNAISE DES EAUX - FOUR D'INCINÉRATION - STATION D'ÉPURATION DE DIJON;2003;226000;0;172000;0
0007000683;ALVANCE ALUMINIUM DUNKERQUE SAS;2003;0;0;292000;0
0010700305;LANXESS Epierre;2003;769000;0;920;0
0006600410;SYNGENTA PRODUCTION FRANCE S.A.S;2003;80000;0;19000;0
0006000330;TEXELIS;2003;0;614000;49100;0
0006700525;BEL AIR INDUSTRIES;2003;0;91700;1030;0
0006400589;AIRBUS HELICOPTERS;2003;0;0;332000;0
0006202277;GARNIER THIEBAUT;2003;50900;0;0;0
0006103481;THERMAL CERAMICS DE FRANCE SA;2003;0;66100;9620;0
0006102857;FINORGA-NOVASEP;2003;1900000;0;55600;0
0005401195;Uniper - Centrale de LUCY;2003;0;357000;0;0
0005702595;Coopérative Agricole de Déshydratation d'Arcis sur Aube;2003;50000;0;800;0
0006701221;BRASSERIE SCHUTZENBERGER;2003;119000;0;0;0
0005502091;DELICES DE SAINT-LEONARD (Les);2003;0;0;87600;0
0006201561;UEM;2003;62400;27500000;51400;0
0005101428;KOHLER FRANCE;2003;222000;0;21500;0
0007000466;MALTERIES FRANCO BELGES (Prouvy);2003;572000;0;0;0
0006202598;SOCIETE FROMAGERE DE XERTIGNY;2003;0;405000;34800;0
0006201556;SOCIETE MECANIQUE AUTOMOBILE DE L EST (SMAE);2003;90200;0;35900;0
0006600893;OI France;2003;0;64900;16500;0
0006103908;GRID SOLUTIONS SAS;2003;47100;0;8970;0
0006402211;Petroineos Manufacturing France SAS;2003;0;4380000;4230000;0
0006700503;BASF;2003;0;3960000;45400;0
0005900605;GALVANOPLAST Sochaux-Montbéliard;2003;0;15800;52600;0
0006200499;SAM RIVA;2003;0;1000000;21700;0
0005300285;PSA AUTOMOBILES SA;2003;222000;0;22400;0
0006802348;AIRBUS France Site de SAINT-ELOI;2003;1610;0;64400;0
0005401208;PRYSMIAN;2003;1270000;0;5730;0
0007000575;DICKSON CONSTANT;2003;0;0;100000;0
0005701523;TECHNICENTRE CHAMPAGNE ARDENNE D'EPERNAY;2003;53200;0;1200;0
0010000532;ELIS BERRYLES- LES LAVANDIERES;2003;133000;0;0;0
0006700361;NLMK Strasbourg;2003;2150000;0;5630;0
0005100918;SPONTEX;2003;4550000;1480000;23100;0
0006200837;BONDUELLE FRAIS FRANCE;2003;289000;0;0;0
0006700838;LOHR Industrie;2003;0;0;78000;0
0005501387;PSA Automobile SA;2003;481000;0;80000;0
0006102715;GERFLOR PROVENCE SNC;2003;136000;0;64200;0
0010700012;ROUTIN 1883;2003;0;0;89500;0
0006301179;HOLVIA PORC;2003;0;0;82000;0
0006102870;WINOA;2003;0;709000;7010;0
0006102074;CIAT;2003;2240000;0;210;0
0010400105;EVONIK AEROSIL FRANCE;2003;45000;0;15000;0
0007000584;Schaeffler Chain Drive Systems;2003;0;0;112000;0
0006201358;LIBERTY RAIL Hayange;2003;0;0;133000;0
0006505185;SIOM;2003;0;0;116000;0
0006400411;RAYNAL et ROQUELAURE Provence;2003;822000;0;0;0
0006103840;Fonderies DURANTON-SICFOND;2003;133000;0;17600;0
0006802476;VM BUILDING SOLUTIONS;2003;0;950000;15.5;0
0006103050;SINTERTECH;2003;0;0;617000;0
0005101363;ARCELORMITTAL FRANCE;2003;0;8900000;43700;0
0006600812;O-I FRANCE SAS;2003;0;0;137000;0
0005801681;VERESCENCE;2003;0;0;516000;0
0006201794;PROTELOR;2003;131000;0;4130;0
0006103863;CTVI;2003;180000;0;2530;0
0006301295;CONSTELLIUM MONTREUIL JUIGNE SAS;2003;0;92800;5680;0
0006103049;Chloralp;2003;0;0;22500000;0
0006400347;MAJ SA;2003;0;160000;1400;0
0005900978;EQIOM (Cimenterie);2003;106000;0;12400;0
0006206235;PAPETERIES DES VOSGES;2003;0;638000;634;0
0006102810;COPAL;2003;80900;0;663;0
0006700458;BDR THERMEA France ( ex DE DIETRICH);2003;0;0;70900;0
0006103636;BAYER SAS;2003;67000;0;4100;0
0006301299;NORPAPER;2003;0;823000;0;0
0007002731;TOYOTA M.M.F.;2003;0;0;339000;0
0005600465;EUROPAFI;2003;0;732000;0;0
0006700760;MAHLE BEHR France;2003;1080000;0;20900;0
0006700470;HEINEKEN ENTREPRISE SITE FISCHER;2003;818000;0;0;0
0006202493;GREGOIRE SA;2003;215000;0;0;0
0006103048;RHODIA OPERATIONS;2003;0;0;2040000;0
0005501569;COOPER STANDARD FRANCE;2003;0;0;66700;0
0005800415;Cartonnerie de Pont Audemer;2003;0;73200;0;0
0005507315;Conserverie MINERVE;2003;191000;0;78700;0
0007001105;LUNOR Coopérative;2003;86400;0;2770;0
0005401241;YOPLAIT PRODUCTION FRANCE - NOBLEVAL;2003;630000;0;0;0
0005101176;SAVERGLASS (SAV ...);2003;0;0;69100;0
0006202114;UNION LAITIERE VITTELOISE;2003;0;0;565000;0
0006200519;FAURECIA Sièges d'Automobile;2003;0;240000;15400;0
0006104664;PAPETERIES DU LEMAN S.A.;2003;5180000;0;32900;0
0006600802;SAINT MAMET SAS;2003;280;0;679000;0
0005302025;MLC;2003;227000;0;0;0
0006301932;SOCIETE NOUVELLE INTERPLUME SAS;2003;0;281000;8140;0
0006104025;MERCK SANTE;2003;39000;0;19700;0
0006700393;CLARIANT Production (France) - Usine de Huningue;2003;0;1320000;47400;0
0005701293;FONDERIES GHM - WASSY;2003;0;54200;7070;0
0005701515;TEREOS  FRANCE;2003;353000;0;8850;0
0006104781;ELIS ALPES;2003;73300;0;10600;0
0006506558;EDF CPE Vitry Sur Seine;2003;0;5580000;25000;0
0006301205;COMPAGNIE LAITIERE DE DERVAL;2003;0;0;190000;0
0006301359;SISF (Sté Industrielle de St-Florent);2003;0;165000;218000;0
0007000492;Cartonneries de Gondardenne;2003;116000;533000;0;0
0006200158;SOLVAY OPERATIONS FRANCE;2003;0;58800000;0;0
0006104438;FERROPEM;2003;0;0;60400;0
0006102443;FABRICATION CHIMIQUE ARDECHOISE;2003;876000;0;11700;0
0010001721;ORGAPHARM Etablissement secondaire;2003;326;0;56200;0
0009000002;ECOLES MILITAIRES DE DRAGUIGNAN;2003;0;56400;0;0
0007001139;C&D FOODS France;2003;0;0;534000;0
0005701552;ADM Bazancourt SASU;2003;879000;0;0;0
0005500830;KERMAD;2003;0;0;76200;0
0005100293;EVERBAL PAPETERIE;2003;411000;714000;4940;0
0005503344;EPI-Bretagne (Usine de Plaintel);2003;52100;0;9370;0
0005205111;SETHELEC SNC;2003;0;0;106000;0
0006301012;SOCIETE FROMAGERE DE CHARCHIGNE;2003;0;0;189000;0
0005701362;FARM FRITES Montigny;2003;0;0;87800;0
0006301563;TERRA LACTA;2003;117000;0;470;0
0006301411;CARGILL France;2003;0;0;271000;0
0005100114;TEREOS FRANCE (BUCY);2003;19100;1720000;13400;0
0005800559;E & S CHIMIE;2003;89100;0;5040;0
0005501863;SAS ENTREMONT;2003;0;3460000;916;0
0010000968;DSS Paper Coullons;2003;0;157000;84600;0
0005102505;ROYE sucrerie et conditionnement;2003;168000;0;5500;0
0006101980;FERROPEM;2003;2510000;0;0;0
0006700607;Papeteries de turckheim;2003;0;4820000;0;0
0006301086;EURIAL FOOD SERVICE ET INDUSTRY;2003;197000;0;180000;0
0006300918;YARA FRANCE;2003;0;0;1040000;0
0005100757;SAICA PAPER  FRANCE (ROCHETTE VENIZEL);2003;0;7740000;18600;0
0005701684;ECOLAB PRODUCTION FRANCE;2003;0;0;153000;0
0005100191;NEXANS WIRES CHAUNY;2003;164000;0;0;0
0005700606;CIMENTS CALCIA - Usine de COUVROT;2003;252000;0;0;0
0006600250;SLMC;2003;76200;121000;43000;0
0006202274;NORSKE SKOG;2003;0;7000000;0;0
0006103380;DURALEX INTERNATIONAL FRANCE;2003;6270;0;91300;0
0006505451;3M France;2003;57500;0;102000;0
0005100348;TERGAL INDUSTRIES;2003;4000000;0;12800;0
0007000922;VENATOR (Ex Huntsman P&A France);2003;0;0;4620000;0
0005800606;SOCIETE CHIMIQUE DE OISSEL;2003;3580000;0;382;0
0006400942;Kem One Lavera;2003;0;3000000;59700;0
0005101361;AKZO NOBEL DECORATIVE (ex AKZO NOBEL CO);2003;0;0;187000;0
0006501529;HELIO PRINT (ex H2D ex QUEBECOR );2003;0;0;151000;0
0005300004;ATEMAX France - Usine de St Langis;2003;0;0;206000;0
0009000013;Base aérienne 721 (Rochefort);2003;0;0;160000;0
0009052100;DGA Essais de missiles - site Gironde;2003;94000;0;4350;0
0006700657;ETC Ennoblissement Technique Cernay;2003;326000;0;4370;0
0006301613;FLEURY MICHON LS;2003;0;0;108000;0
0005701480;VALEO SYSTEMES THERMIQUES;2003;143000;0;24300;0
0006301264;FLEURY MICHON LS;2003;0;0;95900;0
0005701467;CHARBONNEAUX BRABANT SA;2003;0;0;60700;0
0006400955;NAPHTACHIMIE;2003;0;12400000;299000;0
0006201828;COLLECTE LAIT SARREBOURG;2003;423000;0;0;0
0006600459;KONINGS SPIRIT & DRINKS FRANCE;2003;94300;0;6880;0
0005702152;EUROPEENNE DE TEINTURE ET D'ENNOBLISSEMENT;2003;166000;0;0;0
0006504202;SAFRAN AIRCRAFT ENGINES ( ex SNECMA);2003;57400;253000;2020;0
0005701553;BBGR SEZANNE;2003;0;0;61800;0
0005100478;SITCR;2003;121000;0;1360;0
0006104504;Framatome;2003;0;240000;11400;0
0006506520;BIO SPRINGER;2003;2610000;1810000;348000;0
0006104259;Givaudan Lavirotte (Groupe ISALTIS);2003;70700;0;149000;0
0006103999;COATEX (USINE 1 LUMIERE);2003;626000;0;16000;0
0005901067;SOMOGAL;2003;78600;0;1270;0
0005202000;RAYONIER A.M. TARTAS;2003;5;7;59900;0
0006205610;REDAELLI SODETAL SAS;2003;0;48800;223000;0
0006200817;INNOSPEC PERFORMANCE CHEMICALS;2003;3000000;0;0;0
0006104682;CEREAL PARTNERS FRANCE;2003;422000;0;0;0
0005100562;MBK INDUSTRIE;2003;58100;0;9050;0
0005801108;ESSITY OPERATION FRANCE;2003;61000;0;26800;0
0006301144;ZaCh System SA;2003;0;0;180000;0
0006103385;ANDRE VERNAY TEINTURE;2003;0;0;226000;0
0006102392;BOSTIK SA;2003;0;0;58100;0
0006103724;KEM ONE ETABLISSEMENT DE SAINT FONS;2003;4100000;4100000;27000;0
0005302603;PCAS SEQENS;2003;0;410000;42500;0
0005101032;PASTACORP (ex RCL - RIVOIRE);2003;56000;0;0;0
0006700690;MANUFACTURE HARTMANN - EURO TF SAS;2003;0;350000;18700;0
0005101555;NORCHIM;2003;0;270000;2390;0
0006506552;Centre de Production de Vitry-sur-Seine;2003;1870000;15200000;266000;0
0006301114;SECANIM CENTRE;2003;0;0;65400;0
0007402350;CPCU ST-OUEN III;2003;0;1700000;0;0
0005401138;UVE Dijon métropole;2003;0;0;108000;0
0007000549;Le Jersey de Paris;2003;6130;0;71700;0
0006802598;LAFARGE CIMENTS;2003;347000;0;0;0
0005600023;ERASTEEL SAS;2003;0;0;209000;0
0006700586;LESAFFRE CULINARY STRG (anct SENSIENT);2003;672000;0;6030;0
0006302323;Bioprox;2003;79900;34100;1200;0
0006103644;SANOFI PASTEUR MARCY;2003;0;0;359000;0
0006300878;MICHELIN;2003;0;111000;4810;0
0005401872;AMORA MAILLE Société Industrielle;2003;0;0;50700;0
0006102962;UMICORE SPECIALTY POWDERS FRANCE;2003;397000;0;26500;0
0005101029;TEREOS FRANCE;2003;240000;0;18000;0
