,admin4
10893,77373
34185,77230
34186,77517
34192,21328
34195,28218
34200,45255
34202,50328
34203,51121
34204,52459
34209,55577
34210,60404
34216,78605
34217,91393
34232,14281
34247,50420
34250,55210
34254,60366
34263,76313
34265,89407
34266,89468
34284,27213
34290,51301
34291,51643
34541,02101
34542,02103
34543,02104
34544,02105
34545,02106
34546,02107
34547,02108
34548,02110
34549,02111
34551,02114
34552,02115
34553,02116
34555,02119
34556,02120
34557,02123
34558,02126
34559,02127
34560,02128
34561,02129
34562,02130
34563,02131
34564,02132
34565,02133
34566,02135
34567,02136
34568,02137
34569,02138
34570,02139
34573,02146
34574,02148
34575,02149
34576,02150
34577,02151
34578,02152
34579,02153
34580,02154
34581,02155
34582,02156
34583,02157
34584,02158
34585,02159
34586,02160
34587,02165
34588,02166
34589,02167
34590,02168
34591,02169
34592,02170
34593,02172
34594,02173
34595,02174
34596,02175
34597,02176
34598,02178
34599,02179
34600,02180
34601,02181
34602,02182
34603,02183
34604,02184
34605,02185
34606,02186
34607,02187
34608,02188
34609,02189
34610,02190
34611,02191
34612,02192
34613,02193
34614,02194
34615,02195
34616,02196
34617,02197
34618,02198
34620,02200
34621,02203
34622,02204
34623,02205
34624,02206
34625,02207
34626,02208
34627,02209
34628,02210
34629,02211
34630,02212
34631,02213
34633,02215
34634,02216
34635,02217
34636,02218
34637,02219
34638,02221
34639,02222
34640,02223
34641,02225
34642,02226
34643,02227
34644,02228
34645,02229
34646,02230
34647,02231
34648,02232
34649,02233
34650,02234
34651,02235
34652,02236
34653,02237
34654,02239
34656,02244
34657,02245
34658,02248
34659,02249
34660,02250
34661,02252
34662,02253
34663,02254
34664,02255
34665,02256
34667,02258
34668,02259
34669,02260
34670,02261
34671,02262
34672,02263
34673,02264
34674,02265
34675,02266
34676,02267
34677,02268
34679,02271
34680,02272
34681,02274
34682,02275
34683,02276
34684,02278
34685,02279
34686,02280
34687,02283
34688,02284
34689,02286
34692,02289
34693,02290
34694,02292
34696,02295
34698,02297
34699,02299
34702,02305
34703,02309
34705,02313
34708,02318
34710,02321
34714,02326
34716,02328
34717,02329
34719,02332
34721,02335
34722,02336
34723,02337
34724,02338
34725,02339
34727,02341
34728,02342
34732,02346
34733,02347
34735,02351
34736,02353
34737,02354
34739,02356
34740,02357
34741,02358
34743,02360
34744,02362
34745,02363
34746,02366
34748,02368
34749,02369
34751,02372
34752,02373
34753,02375
34754,02376
34755,02377
34757,02381
34760,02384
34761,02386
34762,02387
34763,02389
34765,02391
34767,02393
34768,02395
34769,02396
34771,02398
34772,02399
34773,02400
34774,02401
34776,02403
34777,02404
34778,02405
34779,02406
34780,02407
34781,02409
34782,02411
34783,02412
34784,02413
34785,02415
34786,02416
34787,02418
34788,02419
34790,02421
34791,02422
34792,02423
34793,02424
34794,02425
34796,02427
34797,02428
34798,02429
34799,02431
34800,02432
34801,02433
34803,02435
34804,02438
34805,02440
34806,02441
34807,02442
34808,02443
34809,02444
34810,02445
34811,02446
34812,02447
34813,02449
34814,02450
34817,02453
34818,02455
34819,02456
34820,02458
34821,02460
34822,02461
34823,02462
34824,02463
34825,02465
34826,02466
34827,02467
34828,02469
34829,02471
34830,02472
34831,02473
34832,02474
34835,02477
34836,02478
34838,02480
34840,02483
34841,02484
34842,02485
34843,02486
34844,02487
34845,02489
34846,02490
34847,02491
34848,02492
34849,02493
34850,02494
34851,02495
34852,02496
34853,02498
34855,02501
34856,02503
34858,02505
34859,02506
34860,02507
34861,02508
34862,02509
34863,02510
34865,02513
34866,02514
34867,02515
34868,02516
34869,02517
34870,02518
34871,02519
34872,02520
34873,02522
34874,02523
34875,02524
34876,02526
34877,02527
34878,02529
34879,02531
34880,02533
34881,02535
34882,02536
34883,02537
34884,02538
34886,02540
34887,02541
34888,02542
34889,02543
34890,02544
34892,02550
34893,02551
34894,02553
34895,02554
34896,02555
34897,02556
34898,02557
34899,02559
34900,02560
34901,02561
34902,02562
34903,02563
34904,02564
34905,02567
34906,02568
34910,02572
34911,02573
34912,02574
34913,02576
34914,02577
34915,02579
34916,02580
34917,02581
34918,02582
34919,02583
34921,02586
34922,02587
34923,02589
34924,02590
34925,02592
34926,02593
34927,02594
34928,02595
34929,02596
34931,02598
34932,02599
34933,02601
34934,02602
34936,02605
34937,02607
34938,02608
34939,02609
34940,02610
34941,02612
34944,02616
34945,02617
34947,02619
34948,02620
34949,02621
34950,02622
34951,02623
34952,02624
34953,02625
34954,02626
34955,02627
34956,02628
34957,02629
34958,02631
34959,02632
34960,02633
34961,02634
34963,02636
34965,02638
34966,02639
34967,02640
34968,02641
34969,02642
34970,02643
34971,02645
34973,02649
34975,02651
34976,02652
34977,02653
34978,02654
34979,02656
34980,02657
34982,02660
34983,02661
34984,02662
34985,02664
34986,02665
34987,02666
34988,02667
34989,02668
34991,02670
34992,02672
34993,02673
34994,02674
34995,02675
34996,02676
34997,02677
34998,02679
34999,02680
35000,02681
35001,02684
35002,02686
35003,02687
35004,02688
35005,02689
35006,02690
35007,02693
35009,02695
35010,02696
35011,02697
35012,02698
35013,02699
35014,02701
35017,02704
35018,02706
35019,02707
35021,02711
35022,02712
35023,02713
35024,02714
35025,02716
35026,02717
35027,02718
35028,02719
35029,02720
35030,02721
35031,02722
35032,02723
35033,02724
35034,02725
35036,02727
35037,02728
35038,02729
35039,02730
35040,02732
35042,02734
35043,02735
35044,02736
35045,02737
35046,02738
35047,02739
35048,02740
35049,02741
35050,02742
35051,02744
35052,02745
35053,02746
35055,02750
35056,02751
35058,02753
35059,02754
35060,02755
35062,02758
35063,02761
35064,02762
35065,02763
35066,02764
35067,02765
35068,02766
35069,02767
35070,02768
35071,02770
35074,02773
35076,02778
35077,02779
35078,02780
35079,02781
35080,02783
35081,02784
35083,02786
35084,02787
35085,02790
35086,02791
35087,02792
35088,02793
35089,02794
35090,02795
35091,02796
35092,02797
35093,02798
35094,02799
35095,02800
35096,02801
35097,02804
35098,02805
35099,02806
35100,02807
35101,02810
35103,02812
35104,02813
35105,02814
35106,02816
35107,02817
35108,02819
35109,02820
35110,02821
35111,02822
35112,02823
35113,02824
35114,02826
35115,02827
35116,02828
35117,02829
35118,02831
35119,02832
35120,02833
35121,02834
35640,08100
35641,08103
35642,08104
35645,08107
35646,08113
35647,08117
35649,08120
35652,08123
35655,08126
35656,08128
35657,08130
35658,08131
35659,08132
35660,08133
35661,08134
35668,08143
35669,08144
35671,08146
35672,08147
35673,08150
35674,08151
35677,08154
35683,08161
35685,08163
35686,08164
35689,08171
35690,08172
35694,08178
35705,08192
35706,08195
35707,08197
35708,08198
35709,08200
35713,08204
35714,08205
35718,08210
35726,08225
35730,08233
35731,08234
35735,08238
35736,08239
35738,08243
35739,08244
35740,08245
35741,08246
35745,08250
35748,08254
35750,08256
35752,08259
35755,08262
35756,08264
35759,08271
35760,08272
35762,08274
35765,08278
35766,08279
35767,08280
35770,08286
35771,08287
35772,08288
35776,08296
35779,08301
35781,08303
35784,08306
35785,08307
35786,08308
35788,08313
35789,08314
35792,08321
35794,08324
35795,08325
35798,08329
35799,08330
35805,08338
35806,08340
35811,08348
35813,08350
35814,08351
35819,08356
35824,08364
35826,08366
35827,08368
35830,08372
35833,08378
35834,08379
35835,08380
35836,08381
35837,08382
35838,08383
35839,08384
35841,08387
35845,08392
35846,08393
35849,08398
35852,08401
35853,08402
35854,08403
35856,08406
35857,08407
35860,08410
35861,08411
35862,08412
35863,08413
35864,08416
35866,08419
35867,08420
35871,08425
35872,08426
35873,08427
35874,08428
35876,08433
35878,08435
35881,08438
35883,08440
35887,08446
35889,08452
35890,08453
35892,08455
35895,08458
35898,08461
35899,08462
35901,08464
35904,08470
35905,08473
35907,08476
35914,08484
35918,08489
35923,08496
35926,08500
36098,10100
36099,10101
36100,10102
36101,10103
36102,10104
36103,10105
36104,10106
36105,10107
36106,10109
36107,10110
36108,10111
36109,10112
36110,10113
36111,10114
36112,10116
36113,10117
36114,10119
36115,10120
36116,10122
36117,10123
36118,10124
36119,10125
36120,10126
36121,10127
36122,10128
36123,10129
36124,10130
36125,10131
36126,10132
36127,10133
36128,10134
36129,10135
36130,10136
36131,10137
36132,10138
36133,10139
36134,10140
36135,10141
36136,10142
36137,10145
36138,10146
36139,10147
36140,10149
36141,10153
36142,10154
36143,10155
36144,10156
36145,10158
36146,10159
36147,10160
36148,10162
36149,10163
36150,10164
36151,10165
36152,10169
36153,10170
36154,10171
36155,10173
36156,10175
36157,10176
36158,10177
36159,10178
36160,10179
36161,10180
36162,10181
36163,10182
36164,10183
36165,10184
36166,10185
36167,10186
36168,10188
36169,10190
36170,10191
36171,10192
36172,10193
36173,10194
36174,10195
36175,10197
36176,10198
36177,10199
36178,10203
36179,10205
36180,10206
36181,10207
36182,10209
36183,10211
36184,10212
36185,10213
36186,10214
36187,10215
36188,10216
36189,10217
36190,10218
36191,10219
36192,10220
36193,10221
36194,10222
36195,10223
36196,10224
36197,10225
36198,10226
36199,10227
36200,10228
36201,10230
36202,10232
36203,10233
36204,10234
36205,10235
36206,10236
36207,10237
36208,10238
36209,10239
36210,10240
36211,10241
36212,10242
36213,10243
36214,10245
36215,10246
36216,10247
36217,10248
36218,10250
36219,10251
36220,10252
36221,10253
36222,10254
36223,10255
36224,10256
36225,10257
36226,10260
36227,10262
36228,10264
36229,10266
36230,10267
36231,10268
36232,10269
36233,10270
36234,10271
36235,10273
36236,10274
36237,10275
36238,10276
36239,10279
36240,10280
36241,10282
36242,10283
36243,10284
36244,10285
36245,10286
36246,10287
36247,10288
36248,10290
36249,10291
36250,10293
36251,10294
36252,10295
36253,10296
36254,10297
36255,10298
36256,10299
36257,10300
36258,10301
36259,10303
36260,10304
36261,10305
36262,10306
36263,10307
36264,10308
36265,10309
36266,10310
36267,10312
36268,10313
36269,10315
36270,10316
36271,10318
36272,10319
36273,10320
36274,10323
36275,10325
36276,10326
36277,10328
36278,10329
36279,10330
36280,10331
36281,10332
36282,10333
36283,10334
36284,10335
36285,10336
36286,10337
36287,10338
36288,10339
36289,10341
36290,10342
36291,10343
36292,10344
36293,10345
36294,10347
36295,10348
36296,10349
36297,10350
36298,10351
36299,10352
36300,10353
36301,10354
36302,10356
36303,10357
36304,10358
36305,10359
36306,10360
36307,10362
36308,10363
36309,10364
36310,10366
36311,10368
36312,10370
36313,10371
36314,10372
36315,10373
36316,10374
36317,10375
36318,10376
36319,10378
36320,10379
36321,10380
36322,10381
36323,10383
36324,10384
36325,10388
36326,10389
36327,10390
36328,10391
36329,10392
36330,10393
36331,10395
36332,10396
36333,10397
36334,10398
36335,10400
36336,10401
36337,10403
36338,10404
36339,10405
36340,10408
36341,10409
36342,10410
36343,10412
36344,10414
36346,10416
36347,10417
36348,10418
36349,10419
36350,10422
36351,10424
36352,10425
36353,10426
36354,10427
36355,10428
36356,10429
36357,10430
36358,10432
36359,10433
36360,10434
36361,10435
36362,10436
36363,10437
36364,10438
36365,10439
36366,10440
36367,10441
36368,10442
36369,10443
36370,10444
36371,10445
36822,14100
36823,14101
36825,14110
36826,14111
36829,14117
36830,14118
36831,14119
36832,14120
36833,14121
36834,14123
36835,14125
36836,14126
36837,14127
36840,14130
36841,14132
36842,14135
36843,14136
36844,14137
36845,14138
36847,14141
36849,14143
36851,14145
36852,14146
36853,14147
36855,14149
36856,14150
36861,14159
36862,14160
36863,14161
36864,14162
36865,14163
36867,14165
36868,14166
36869,14167
36870,14168
36871,14169
36873,14171
36874,14172
36875,14175
36877,14177
36878,14179
36879,14182
36880,14183
36881,14184
36886,14191
36887,14193
36888,14196
36889,14197
36890,14198
36891,14200
36892,14203
36893,14204
36894,14205
36895,14206
36897,14209
36898,14211
36900,14214
36901,14215
36902,14216
36904,14218
36905,14221
36906,14224
36907,14225
36908,14226
36909,14227
36910,14228
36911,14229
36912,14230
36913,14232
36915,14236
36916,14237
36917,14238
36918,14239
36919,14240
36920,14241
36921,14242
36922,14243
36923,14245
36924,14246
36925,14248
36926,14249
36927,14250
36928,14251
36929,14252
36931,14254
36933,14257
36934,14260
36936,14269
36937,14270
36938,14271
36939,14274
36940,14275
36941,14276
36942,14277
36943,14278
36944,14280
36945,14282
36946,14286
36947,14289
36948,14290
36949,14291
36951,14293
36953,14297
36954,14298
36955,14299
36956,14300
36957,14301
36958,14302
36959,14304
36960,14305
36961,14306
36963,14308
36964,14309
36965,14310
36966,14311
36967,14316
36968,14318
36969,14319
36970,14320
36971,14322
36973,14325
36974,14326
36975,14327
36976,14328
36977,14329
36980,14335
36981,14336
36982,14338
36984,14342
36985,14344
36986,14345
36987,14346
36988,14347
36989,14348
36990,14349
36991,14352
36992,14353
36993,14354
36994,14355
36996,14357
36997,14358
36999,14360
37001,14362
37002,14364
37003,14365
37004,14368
37005,14369
37006,14371
37009,14377
37010,14379
37011,14380
37012,14381
37013,14383
37014,14384
37015,14385
37019,14389
37020,14390
37021,14391
37022,14393
37023,14394
37025,14396
37026,14397
37027,14398
37028,14399
37029,14401
37030,14403
37031,14404
37032,14405
37033,14406
37034,14407
37035,14408
37036,14409
37037,14410
37038,14411
37040,14430
37043,14436
37044,14437
37045,14438
37046,14439
37052,14445
37053,14448
37054,14449
37056,14453
37057,14454
37058,14456
37059,14460
37060,14461
37061,14466
37062,14467
37063,14468
37064,14469
37065,14473
37066,14474
37067,14475
37068,14476
37070,14480
37071,14482
37072,14483
37073,14484
37074,14486
37075,14487
37076,14488
37078,14491
37079,14492
37081,14494
37082,14495
37083,14496
37084,14497
37085,14498
37086,14499
37087,14500
37088,14501
37090,14506
37091,14509
37092,14511
37093,14512
37094,14514
37095,14515
37096,14516
37098,14519
37100,14522
37102,14524
37104,14528
37105,14529
37106,14530
37107,14531
37108,14533
37109,14534
37110,14535
37111,14538
37112,14540
37113,14542
37114,14543
37117,14547
37120,14550
37122,14552
37124,14554
37125,14555
37126,14556
37127,14557
37128,14558
37129,14562
37131,14565
37132,14566
37134,14569
37135,14570
37136,14571
37137,14572
37139,14574
37140,14575
37141,14579
37144,14582
37145,14586
37146,14587
37147,14588
37148,14589
37149,14590
37150,14591
37151,14592
37152,14593
37153,14595
37158,14601
37159,14603
37161,14605
37162,14606
37163,14607
37165,14609
37170,14619
37171,14620
37172,14622
37173,14623
37174,14625
37175,14626
37176,14627
37179,14630
37183,14635
37185,14637
37187,14639
37188,14643
37189,14644
37190,14645
37191,14646
37193,14649
37194,14650
37195,14651
37196,14652
37198,14654
37200,14658
37201,14659
37202,14660
37203,14661
37205,14663
37206,14665
37208,14667
37209,14668
37210,14669
37213,14674
37214,14675
37215,14676
37216,14677
37217,14678
37218,14679
37219,14680
37220,14681
37221,14684
37223,14689
37226,14692
37229,14698
37230,14700
37233,14705
37234,14706
37235,14707
37236,14708
37237,14709
37238,14710
37239,14711
37240,14712
37241,14713
37242,14715
37243,14716
37244,14720
37245,14723
37246,14726
37250,14732
37251,14733
37252,14734
37253,14735
37254,14737
37255,14738
37256,14739
37257,14742
37258,14743
37259,14744
37260,14745
37263,14751
37264,14752
37265,14753
37266,14754
37267,14755
37269,14758
37270,14760
37271,14761
38172,21101
38175,21104
38178,21108
38179,21109
38184,21114
38185,21115
38186,21116
38187,21117
38189,21122
38190,21123
38194,21128
38195,21129
38199,21134
38201,21141
38202,21143
38206,21154
38209,21160
38210,21161
38212,21165
38215,21168
38219,21176
38220,21177
38237,21197
38238,21198
38239,21199
38241,21201
38242,21202
38243,21203
38244,21204
38245,21205
38250,21212
38261,21224
38263,21226
38268,21232
38270,21235
38272,21237
38279,21244
38282,21248
38284,21250
38286,21253
38288,21257
38289,21258
38290,21259
38291,21260
38293,21262
38299,21271
38302,21276
38305,21279
38306,21280
38307,21282
38311,21288
38313,21291
38318,21296
38320,21298
38321,21299
38324,21302
38325,21305
38326,21307
38327,21309
38328,21310
38330,21312
38331,21313
38332,21314
38339,21321
38342,21324
38345,21329
38351,21335
38352,21336
38357,21341
38361,21346
38365,21350
38370,21358
38374,21364
38375,21365
38380,21372
38383,21377
38384,21378
38386,21380
38387,21382
38395,21392
38396,21394
38397,21395
38398,21396
38401,21399
38404,21404
38408,21410
38412,21415
38414,21417
38415,21418
38419,21426
38421,21429
38422,21430
38423,21431
38424,21432
38425,21434
38426,21435
38428,21438
38430,21441
38432,21444
38433,21446
38434,21448
38435,21449
38437,21451
38439,21454
38440,21455
38441,21456
38442,21457
38446,21463
38448,21465
38449,21466
38452,21471
38465,21484
38469,21488
38470,21489
38471,21490
38477,21497
38478,21498
38479,21499
38480,21500
38481,21501
38485,21505
38487,21510
38489,21514
38491,21518
38492,21519
38497,21524
38498,21529
38503,21537
38504,21538
38505,21539
38508,21543
38509,21547
38510,21548
38511,21549
38512,21550
38513,21552
38516,21557
38521,21563
38531,21576
38537,21584
38546,21594
38550,21598
38553,21602
38555,21608
38557,21612
38558,21613
38569,21626
38570,21627
38571,21628
38572,21629
38573,21630
38576,21633
38578,21635
38581,21641
38585,21646
38587,21648
38588,21649
38592,21653
38593,21655
38600,21662
38601,21663
38602,21664
38605,21669
38606,21670
38607,21671
38609,21674
38611,21676
38613,21678
38618,21685
38619,21686
38620,21687
38622,21689
38623,21690
38626,21694
38627,21696
38629,21700
38633,21704
38634,21705
38635,21706
38636,21707
38638,21709
38639,21711
39854,27100
39855,27101
39856,27102
39857,27103
39858,27107
39859,27108
39860,27110
39861,27114
39862,27115
39863,27116
39864,27117
39865,27118
39866,27119
39867,27120
39870,27123
39871,27124
39872,27126
39873,27127
39876,27132
39877,27133
39878,27134
39879,27135
39880,27136
39881,27138
39882,27139
39883,27141
39884,27142
39886,27144
39888,27151
39889,27152
39890,27154
39891,27158
39894,27162
39895,27163
39896,27164
39897,27165
39898,27167
39899,27168
39900,27173
39901,27174
39903,27177
39904,27179
39905,27180
39906,27181
39907,27182
39908,27185
39909,27187
39910,27188
39911,27190
39912,27192
39913,27193
39916,27199
39917,27200
39918,27201
39919,27202
39920,27203
39921,27205
39922,27206
39923,27207
39924,27209
39925,27210
39927,27212
39928,27214
39929,27215
39930,27218
39931,27219
39932,27220
39933,27222
39935,27224
39936,27226
39937,27227
39938,27228
39939,27230
39940,27231
39941,27232
39942,27233
39943,27235
39944,27238
39945,27239
39946,27241
39948,27245
39949,27246
39950,27247
39951,27249
39953,27251
39954,27252
39956,27254
39958,27258
39959,27259
39960,27260
39961,27261
39962,27263
39965,27267
39966,27269
39968,27271
39970,27276
39971,27277
39972,27278
39973,27280
39974,27281
39975,27282
39976,27284
39977,27286
39978,27287
39979,27288
39984,27298
39985,27299
39986,27300
39988,27304
39989,27306
39990,27307
39992,27310
39993,27311
39994,27312
39995,27315
39996,27316
39997,27324
39998,27325
39999,27326
40000,27327
40001,27329
40002,27330
40003,27332
40004,27333
40005,27334
40006,27335
40007,27339
40008,27340
40009,27342
40010,27343
40012,27346
40013,27347
40014,27348
40015,27349
40016,27350
40017,27353
40018,27354
40019,27355
40021,27358
40022,27359
40023,27360
40025,27365
40026,27368
40027,27369
40028,27370
40029,27371
40030,27372
40031,27373
40032,27374
40033,27375
40034,27376
40035,27377
40036,27379
40037,27380
40038,27381
40039,27382
40040,27383
40041,27384
40042,27385
40044,27388
40045,27389
40046,27390
40047,27391
40048,27394
40049,27395
40050,27397
40051,27398
40052,27399
40053,27400
40054,27404
40055,27405
40056,27407
40057,27408
40058,27410
40059,27411
40060,27412
40061,27413
40062,27414
40063,27418
40064,27419
40065,27420
40066,27421
40067,27422
40068,27424
40069,27425
40070,27426
40071,27429
40072,27433
40073,27434
40074,27436
40075,27440
40076,27441
40077,27446
40078,27447
40079,27448
40081,27451
40083,27453
40084,27454
40085,27456
40086,27457
40087,27460
40088,27463
40089,27468
40090,27469
40091,27470
40092,27471
40093,27472
40094,27473
40095,27478
40096,27480
40097,27481
40098,27483
40100,27486
40101,27487
40102,27488
40103,27489
40104,27490
40105,27492
40106,27493
40107,27496
40108,27498
40109,27504
40110,27505
40112,27507
40114,27511
40115,27512
40117,27514
40119,27516
40120,27517
40122,27520
40123,27521
40124,27522
40126,27525
40127,27527
40128,27529
40129,27530
40130,27531
40132,27533
40133,27534
40134,27535
40135,27536
40136,27537
40137,27538
40138,27539
40139,27541
40140,27542
40141,27543
40142,27545
40143,27546
40144,27548
40146,27550
40148,27553
40149,27555
40150,27558
40151,27562
40152,27563
40153,27565
40155,27567
40156,27568
40157,27569
40158,27570
40159,27571
40160,27572
40162,27576
40163,27577
40164,27578
40165,27579
40166,27580
40168,27582
40169,27584
40170,27587
40172,27589
40173,27590
40174,27592
40175,27593
40176,27594
40177,27595
40179,27597
40180,27598
40181,27599
40183,27601
40184,27602
40185,27606
40187,27608
40188,27609
40189,27610
40190,27612
40191,27613
40192,27614
40193,27615
40194,27617
40195,27618
40196,27620
40197,27622
40198,27623
40199,27624
40200,27625
40203,27630
40204,27631
40207,27640
40208,27643
40209,27644
40212,27650
40215,27654
40216,27655
40217,27656
40218,27662
40219,27665
40220,27667
40221,27669
40222,27670
40223,27671
40224,27674
40225,27677
40226,27679
40227,27682
40228,27683
40231,27689
40232,27690
40233,27691
40234,27692
40235,27694
40236,27695
40237,27697
40238,27699
40239,27700
40240,28100
40241,28102
40243,28104
40246,28107
40250,28113
40253,28116
40254,28117
40255,28118
40258,28124
40261,28128
40262,28129
40263,28130
40266,28134
40267,28136
40268,28137
40272,28143
40274,28147
40276,28154
40277,28155
40278,28156
40280,28158
40281,28160
40284,28163
40287,28166
40289,28169
40290,28170
40291,28171
40292,28172
40293,28177
40294,28178
40297,28183
40299,28185
40300,28187
40302,28191
40304,28193
40305,28194
40306,28197
40309,28200
40310,28202
40311,28203
40314,28206
40315,28207
40316,28208
40317,28209
40321,28213
40323,28216
40324,28217
40326,28220
40329,28223
40331,28226
40332,28227
40333,28232
40336,28235
40339,28240
40342,28245
40344,28249
40345,28251
40347,28253
40348,28254
40349,28255
40351,28257
40357,28264
40359,28268
40360,28269
40362,28271
40367,28278
40368,28279
40370,28281
40373,28285
40374,28286
40377,28290
40378,28291
40379,28292
40380,28294
40385,28301
40386,28302
40391,28308
40393,28312
40394,28315
40395,28316
40396,28317
40397,28319
40399,28322
40400,28323
40401,28324
40402,28325
40406,28332
40409,28335
40411,28337
40412,28339
40414,28341
40416,28343
40417,28344
40418,28346
40419,28347
40420,28348
40421,28349
40422,28350
40423,28351
40424,28352
40426,28354
40427,28355
40428,28357
40429,28358
40431,28363
40434,28366
40435,28369
40437,28373
40438,28374
40439,28375
40441,28379
40442,28380
40445,28388
40449,28394
40452,28397
40454,28401
40456,28404
40457,28405
40460,28408
40464,28415
40466,28417
40469,28421
40471,28423
40472,28425
42211,35162
42222,35174
42233,35190
42263,35230
42299,35271
42361,35357
43970,45102
43971,45103
43972,45104
43973,45105
43974,45107
43977,45111
43978,45113
43979,45114
43980,45115
43981,45118
43982,45119
43984,45121
43988,45127
43989,45129
43991,45131
43992,45132
43993,45133
43995,45135
43996,45136
43997,45137
43999,45139
44004,45148
44005,45149
44006,45150
44007,45151
44011,45156
44012,45157
44013,45159
44014,45160
44015,45161
44016,45162
44017,45165
44022,45170
44025,45174
44027,45176
44028,45177
44029,45178
44031,45180
44032,45181
44035,45185
44036,45186
44037,45187
44039,45189
44040,45191
44044,45195
44047,45198
44048,45199
44050,45201
44054,45205
44055,45206
44056,45207
44057,45208
44058,45209
44059,45210
44061,45212
44062,45215
44063,45216
44064,45217
44065,45220
44067,45222
44068,45223
44069,45224
44072,45228
44073,45229
44074,45231
44076,45233
44079,45239
44080,45240
44081,45242
44082,45243
44085,45246
44086,45247
44088,45249
44089,45250
44090,45253
44092,45256
44093,45259
44094,45260
44097,45263
44106,45275
44108,45278
44109,45279
44111,45281
44113,45283
44117,45287
44118,45288
44122,45292
44123,45293
44128,45301
44130,45303
44133,45310
44135,45312
44139,45316
44141,45320
44142,45321
44143,45322
44147,45328
44148,45329
44152,45334
44155,45339
44157,45343
44159,45345
44161,45347
44162,45348
44717,50101
44718,50102
44720,50105
44721,50106
44723,50108
44724,50110
44725,50111
44726,50115
44729,50126
44734,50135
44736,50139
44738,50142
44739,50144
44740,50146
44741,50149
44742,50150
44743,50151
44745,50159
44746,50162
44748,50165
44749,50166
44750,50168
44751,50169
44753,50172
44754,50174
44755,50175
44756,50177
44757,50178
44759,50181
44760,50183
44761,50184
44763,50188
44764,50190
44766,50194
44767,50195
44768,50196
44769,50197
44770,50198
44771,50199
44775,50207
44776,50208
44777,50210
44781,50214
44782,50215
44783,50219
44785,50221
44786,50222
44787,50228
44788,50230
44789,50231
44790,50232
44791,50233
44792,50238
44793,50239
44794,50240
44795,50241
44797,50243
44799,50246
44800,50247
44803,50251
44804,50252
44808,50256
44810,50258
44811,50259
44812,50260
44813,50261
44814,50263
44815,50265
44816,50266
44817,50267
44818,50269
44819,50270
44820,50271
44821,50272
44822,50273
44823,50276
44825,50285
44826,50288
44827,50289
44828,50291
44829,50292
44830,50294
44831,50295
44832,50296
44833,50298
44836,50334
44837,50336
44840,50340
44841,50341
44842,50342
44844,50345
44845,50347
44847,50349
44848,50350
44849,50351
44850,50352
44853,50356
44855,50359
44856,50360
44857,50363
44858,50364
44859,50365
44860,50368
44861,50369
44862,50372
44863,50373
44864,50374
44866,50376
44867,50378
44868,50379
44871,50382
44874,50387
44875,50388
44876,50390
44877,50391
44878,50397
44879,50400
44880,50401
44881,50403
44884,50407
44885,50408
44886,50409
44887,50411
44888,50412
44889,50413
44892,50417
44894,50419
44895,50421
44896,50423
44897,50425
44898,50426
44900,50428
44901,50429
44902,50430
44903,50431
44904,50433
44905,50435
44906,50436
44907,50437
44910,50444
44911,50445
44912,50446
44913,50447
44914,50448
44916,50450
44917,50453
44918,50454
44919,50455
44922,50462
44923,50463
44924,50464
44926,50467
44927,50468
44928,50469
44930,50471
44931,50472
44932,50473
44933,50475
44935,50478
44936,50479
44937,50480
44938,50481
44939,50482
44940,50484
44942,50486
44944,50488
44945,50489
44946,50490
44947,50491
44948,50492
44949,50493
44950,50496
44952,50498
44953,50499
44954,50500
44955,50506
44957,50509
44958,50510
44959,50511
44960,50512
44961,50513
44963,50517
44964,50518
44965,50519
44967,50521
44968,50522
44969,50523
44971,50525
44972,50528
44973,50532
44974,50533
44976,50535
44977,50536
44978,50538
44979,50539
44980,50540
44981,50541
44982,50542
44983,50543
44986,50546
44987,50548
44988,50549
44989,50550
44990,50551
44991,50552
44992,50553
44993,50554
44994,50556
44998,50563
44999,50564
45000,50565
45001,50567
45002,50568
45003,50571
45005,50574
45006,50575
45007,50577
45008,50579
45009,50580
45012,50584
45013,50585
45014,50588
45016,50593
45017,50594
45018,50596
45019,50597
45020,50598
45021,50599
45023,50601
45024,50603
45025,50604
45027,50606
45029,50609
45030,50612
45031,50613
45032,50615
45033,50617
45034,50618
45036,50621
45040,50628
45041,50629
45043,50634
45045,50637
45048,50641
45050,50643
45052,50647
45053,51101
45054,51102
45055,51104
45056,51105
45057,51106
45058,51107
45059,51109
45060,51110
45061,51111
45062,51112
45063,51117
45064,51119
45065,51120
45066,51122
45067,51134
45068,51135
45069,51136
45070,51137
45071,51138
45072,51139
45073,51140
45074,51142
45075,51144
45076,51145
45077,51146
45078,51148
45079,51149
45080,51150
45081,51151
45082,51152
45083,51153
45084,51154
45085,51155
45086,51156
45087,51157
45088,51160
45089,51161
45090,51162
45091,51163
45092,51164
45093,51165
45094,51168
45095,51169
45096,51170
45097,51171
45098,51172
45099,51173
45100,51174
45101,51175
45102,51176
45103,51177
45104,51178
45105,51179
45106,51181
45107,51182
45108,51183
45109,51184
45110,51185
45111,51186
45112,51187
45113,51188
45114,51191
45115,51192
45116,51193
45117,51195
45118,51196
45119,51198
45120,51199
45121,51200
45122,51202
45123,51203
45124,51204
45125,51205
45126,51206
45127,51208
45128,51210
45129,51212
45130,51213
45131,51215
45132,51216
45133,51217
45134,51219
45135,51220
45136,51222
45137,51223
45138,51224
45139,51225
45140,51226
45141,51227
45142,51229
45143,51230
45144,51232
45145,51233
45146,51234
45147,51238
45148,51239
45149,51241
45150,51242
45151,51243
45152,51245
45153,51246
45154,51248
45155,51249
45156,51251
45157,51252
45158,51253
45159,51254
45160,51255
45161,51256
45162,51262
45163,51263
45164,51265
45165,51266
45166,51267
45167,51268
45169,51272
45170,51274
45171,51275
45172,51276
45173,51279
45174,51280
45175,51281
45176,51282
45177,51284
45178,51285
45179,51287
45180,51288
45181,51289
45182,51290
45183,51292
45184,51294
45185,51295
45186,51296
45187,51299
45188,51300
45189,51303
45190,51304
45191,51305
45192,51306
45193,51307
45194,51308
45195,51309
45196,51310
45197,51312
45198,51313
45199,51314
45200,51315
45201,51316
45202,51317
45203,51318
45204,51319
45205,51320
45206,51321
45207,51322
45208,51323
45209,51324
45210,51327
45211,51328
45212,51329
45214,51333
45215,51334
45216,51336
45217,51338
45218,51339
45219,51340
45220,51342
45221,51343
45222,51344
45223,51345
45224,51346
45226,51348
45227,51349
45228,51353
45229,51354
45230,51355
45231,51356
45232,51357
45233,51358
45234,51359
45235,51362
45236,51363
45237,51364
45238,51368
45239,51370
45240,51372
45241,51373
45242,51374
45243,51375
45244,51377
45245,51378
45246,51379
45247,51382
45248,51384
45249,51386
45250,51387
45251,51388
45252,51389
45253,51390
45254,51391
45255,51392
45256,51395
45257,51396
45258,51402
45259,51403
45260,51404
45261,51406
45262,51409
45263,51412
45264,51413
45265,51415
45266,51417
45267,51419
45268,51420
45269,51421
45270,51422
45271,51423
45272,51424
45273,51425
45274,51426
45275,51429
45276,51430
45277,51431
45278,51432
45279,51433
45280,51434
45281,51435
45282,51436
45283,51437
45284,51439
45285,51440
45286,51441
45287,51443
45288,51444
45289,51445
45290,51446
45291,51447
45292,51448
45293,51450
45294,51451
45295,51452
45296,51453
45297,51456
45298,51458
45299,51459
45300,51460
45301,51461
45302,51465
45303,51466
45304,51470
45305,51471
45306,51472
45307,51475
45308,51476
45309,51477
45310,51478
45311,51480
45312,51482
45313,51483
45314,51484
45315,51485
45316,51486
45317,51487
45318,51488
45319,51489
45320,51490
45321,51491
45322,51492
45323,51493
45324,51496
45325,51497
45326,51498
45327,51499
45328,51500
45329,51501
45330,51502
45331,51503
45332,51504
45333,51505
45334,51506
45335,51507
45336,51510
45337,51511
45338,51512
45339,51516
45340,51517
45341,51518
45342,51519
45343,51520
45344,51521
45345,51522
45346,51523
45347,51524
45348,51525
45349,51526
45350,51527
45351,51528
45352,51529
45353,51530
45354,51532
45355,51533
45356,51534
45357,51536
45358,51538
45359,51539
45360,51542
45361,51543
45362,51544
45363,51545
45364,51546
45365,51547
45366,51548
45367,51549
45368,51550
45369,51551
45370,51552
45371,51553
45372,51556
45373,51557
45374,51558
45375,51560
45376,51562
45377,51563
45378,51564
45379,51565
45380,51566
45381,51567
45382,51569
45383,51572
45384,51573
45385,51576
45386,51577
45387,51578
45388,51579
45389,51580
45390,51581
45391,51582
45392,51584
45393,51585
45394,51586
45395,51587
45396,51588
45397,51589
45398,51590
45399,51591
45400,51594
45401,51595
45402,51596
45403,51597
45404,51598
45405,51600
45406,51601
45407,51602
45408,51603
45409,51604
45410,51605
45411,51607
45412,51608
45413,51609
45414,51613
45415,51614
45416,51616
45417,51620
45418,51621
45419,51622
45420,51623
45421,51624
45422,51625
45423,51627
45424,51628
45425,51629
45426,51630
45427,51632
45428,51633
45429,51634
45430,51635
45431,51636
45432,51637
45433,51638
45434,51640
45435,51641
45436,51642
45437,51644
45438,51645
45439,51646
45440,51647
45441,51648
45442,51649
45443,51650
45445,51652
45446,51654
45447,51655
45448,51656
45449,51657
45450,51659
45451,51660
45452,51662
45453,52102
45455,52105
45456,52106
45457,52107
45458,52109
45459,52110
45461,52114
45463,52120
45464,52123
45465,52128
45466,52129
45467,52131
45468,52133
45472,52137
45473,52138
45474,52140
45475,52141
45476,52142
45478,52146
45479,52147
45480,52149
45482,52156
45483,52157
45485,52159
45486,52160
45490,52165
45491,52167
45492,52168
45494,52171
45495,52172
45497,52175
45498,52178
45499,52179
45501,52181
45502,52184
45504,52187
45505,52190
45506,52193
45508,52199
45510,52201
45511,52203
45512,52204
45513,52205
45514,52206
45515,52207
45517,52212
45519,52216
45520,52218
45521,52219
45522,52220
45523,52221
45524,52222
45528,52231
45529,52232
45535,52244
45536,52245
45538,52248
45540,52254
45542,52258
45543,52260
45546,52271
45547,52272
45549,52276
45550,52280
45551,52282
45552,52284
45554,52286
45556,52288
45559,52294
45560,52295
45562,52297
45567,52305
45568,52306
45569,52307
45570,52310
45572,52312
45573,52315
45575,52319
45576,52321
45577,52322
45578,52326
45580,52330
45581,52331
45582,52335
45583,52336
45584,52337
45586,52341
45587,52342
45589,52346
45590,52347
45591,52348
45592,52349
45595,52352
45597,52355
45598,52356
45599,52357
45600,52359
45602,52362
45603,52363
45605,52365
45606,52366
45607,52367
45608,52369
45609,52370
45610,52371
45612,52373
45614,52376
45615,52378
45616,52380
45617,52385
45619,52391
45621,52393
45622,52395
45623,52396
45624,52397
45625,52398
45626,52399
45627,52401
45628,52403
45632,52411
45633,52414
45636,52420
45637,52421
45638,52422
45639,52423
45641,52428
45642,52429
45643,52432
45645,52436
45646,52437
45648,52439
45649,52440
45650,52444
45653,52447
45654,52448
45655,52450
45656,52452
45657,52453
45659,52457
45660,52461
45661,52463
45663,52468
45665,52473
45666,52474
45667,52475
45669,52479
45670,52480
45673,52484
45674,52486
45675,52487
45676,52488
45677,52489
45678,52490
45679,52491
45682,52494
45684,52502
45687,52506
45688,52507
45690,52510
45691,52511
45692,52512
45694,52514
45697,52517
45698,52518
45701,52522
45702,52523
45703,52524
45704,52528
45705,52535
45707,52538
45709,52540
45710,52541
45711,52542
45712,52543
45713,52545
45715,52547
45716,52548
45718,52550
45719,53100
45732,53125
45751,53154
45778,53202
45805,53238
46240,55101
46242,55104
46246,55108
46250,55113
46252,55117
46253,55120
46257,55125
46259,55128
46260,55129
46261,55133
46262,55134
46265,55141
46266,55142
46267,55144
46270,55150
46273,55155
46287,55174
46288,55175
46289,55177
46290,55178
46298,55194
46299,55195
46303,55199
46306,55202
46309,55207
46310,55208
46313,55214
46314,55215
46319,55221
46321,55224
46333,55246
46334,55247
46335,55248
46337,55251
46341,55257
46342,55260
46345,55266
46348,55271
46349,55272
46355,55282
46356,55284
46357,55285
46360,55289
46361,55290
46362,55291
46365,55295
46366,55296
46368,55300
46369,55301
46370,55302
46372,55304
46377,55315
46381,55322
46387,55330
46388,55331
46389,55332
46392,55335
46396,55340
46397,55343
46399,55346
46402,55352
46407,55359
46414,55370
46415,55371
46416,55372
46417,55373
46418,55374
46420,55376
46422,55378
46423,55380
46425,55382
46426,55383
46427,55384
46429,55389
46431,55395
46437,55404
46442,55409
46445,55414
46447,55416
46448,55419
46450,55421
46452,55424
46453,55426
46454,55427
46457,55430
46461,55435
46468,55447
46471,55452
46472,55453
46473,55454
46477,55459
46481,55466
46484,55470
46488,55476
46489,55479
46493,55488
46497,55493
46498,55494
46500,55498
46502,55501
46505,55504
46512,55514
46514,55516
46515,55519
46519,55525
46521,55527
46523,55531
46524,55532
46526,55536
46529,55541
46530,55543
46535,55549
46540,55555
46544,55560
46546,55562
46549,55567
46550,55568
46551,55569
46552,55570
46559,55581
47227,58103
47230,58106
47232,58108
47234,58111
47240,58120
47243,58123
47244,58125
47247,58129
47248,58130
47250,58132
47256,58141
47264,58150
47266,58153
47267,58157
47269,58159
47271,58163
47273,58165
47274,58166
47277,58169
47278,58170
47284,58177
47286,58179
47287,58181
47289,58183
47293,58190
47296,58197
47298,58200
47299,58201
47303,58206
47305,58208
47307,58210
47311,58216
47312,58217
47315,58222
47317,58224
47321,58230
47325,58235
47329,58242
47339,58255
47344,58263
47346,58266
47349,58272
47358,58282
47359,58283
47360,58284
47363,58288
47372,58299
47375,58305
47378,58308
47380,58310
47382,58312
47842,60100
47843,60102
47844,60103
47846,60105
47847,60106
47848,60107
47850,60109
47851,60110
47852,60112
47853,60113
47854,60114
47855,60116
47856,60118
47857,60119
47858,60120
47859,60122
47861,60124
47862,60125
47863,60126
47864,60127
47865,60128
47866,60129
47867,60130
47869,60134
47870,60135
47872,60137
47873,60138
47874,60140
47875,60141
47876,60143
47877,60145
47879,60147
47880,60148
47881,60149
47882,60150
47883,60151
47884,60152
47886,60154
47887,60155
47888,60156
47890,60160
47891,60162
47893,60167
47894,60170
47895,60172
47896,60173
47897,60175
47898,60176
47899,60177
47900,60180
47901,60181
47903,60184
47904,60185
47905,60186
47906,60187
47907,60188
47908,60189
47909,60190
47910,60191
47911,60192
47913,60198
47916,60203
47917,60204
47919,60206
47920,60208
47921,60209
47922,60210
47923,60211
47924,60212
47925,60213
47926,60214
47927,60216
47928,60217
47929,60218
47930,60219
47931,60220
47933,60223
47934,60224
47935,60225
47936,60227
47937,60228
47938,60231
47939,60234
47940,60235
47943,60238
47945,60242
47946,60243
47947,60244
47948,60245
47950,60247
47951,60249
47952,60250
47953,60252
47954,60253
47956,60256
47957,60258
47958,60259
47959,60260
47960,60261
47962,60264
47964,60270
47965,60272
47966,60273
47967,60274
47968,60275
47969,60277
47971,60279
47972,60280
47973,60281
47974,60282
47975,60284
47976,60285
47978,60287
47979,60288
47981,60290
47982,60291
47983,60292
47984,60293
47985,60296
47986,60298
47988,60302
47989,60303
47990,60304
47991,60305
47992,60306
47993,60307
47994,60308
47995,60310
47996,60312
47997,60313
47999,60315
48000,60317
48001,60318
48002,60321
48003,60322
48004,60323
48005,60324
48006,60325
48007,60326
48008,60327
48009,60328
48010,60329
48011,60330
48012,60331
48013,60332
48014,60333
48015,60334
48016,60335
48017,60337
48018,60338
48019,60339
48020,60341
48021,60342
48022,60343
48023,60344
48024,60345
48025,60350
48026,60351
48027,60352
48030,60355
48031,60356
48032,60357
48033,60359
48034,60361
48036,60363
48037,60364
48038,60365
48039,60367
48040,60368
48041,60369
48042,60370
48043,60371
48044,60372
48045,60373
48046,60375
48047,60376
48049,60378
48050,60379
48051,60380
48052,60382
48053,60383
48054,60385
48055,60386
48056,60387
48057,60388
48058,60390
48059,60391
48060,60392
48061,60394
48062,60395
48063,60396
48064,60403
48065,60407
48066,60408
48067,60409
48068,60411
48069,60412
48070,60413
48071,60414
48072,60415
48073,60416
48075,60420
48076,60422
48077,60423
48078,60424
48079,60425
48080,60426
48081,60427
48082,60429
48083,60430
48084,60431
48085,60433
48086,60434
48088,60437
48089,60439
48090,60441
48091,60442
48092,60443
48093,60444
48094,60445
48095,60446
48096,60447
48097,60448
48098,60449
48099,60450
48100,60451
48101,60452
48102,60461
48103,60462
48104,60463
48105,60464
48106,60465
48107,60468
48108,60470
48111,60476
48112,60477
48113,60478
48114,60479
48115,60480
48116,60481
48117,60482
48118,60483
48121,60488
48122,60489
48123,60490
48124,60491
48125,60492
48126,60495
48128,60499
48129,60504
48130,60505
48131,60506
48132,60507
48133,60509
48134,60510
48135,60511
48136,60513
48137,60514
48138,60515
48139,60516
48140,60517
48142,60519
48143,60521
48144,60522
48145,60523
48146,60524
48147,60525
48148,60526
48149,60527
48150,60528
48151,60529
48152,60530
48154,60533
48155,60534
48156,60535
48157,60536
48158,60538
48159,60540
48160,60541
48161,60542
48162,60543
48165,60549
48166,60550
48167,60551
48168,60552
48169,60553
48171,60557
48172,60558
48173,60560
48174,60561
48175,60562
48176,60563
48179,60566
48180,60567
48181,60568
48182,60569
48183,60570
48184,60571
48186,60574
48187,60576
48188,60577
48189,60578
48190,60579
48191,60581
48192,60582
48193,60583
48194,60584
48195,60585
48196,60587
48197,60588
48198,60589
48199,60590
48200,60594
48202,60600
48203,60601
48204,60603
48207,60609
48208,60610
48209,60611
48210,60613
48212,60617
48213,60618
48214,60620
48216,60623
48217,60624
48218,60625
48220,60628
48221,60629
48222,60630
48223,60631
48224,60632
48225,60633
48226,60634
48227,60635
48228,60636
48229,60637
48230,60638
48231,60639
48232,60640
48233,60641
48234,60642
48236,60644
48237,60645
48238,60646
48239,60647
48242,60650
48243,60651
48244,60652
48245,60653
48246,60654
48247,60655
48248,60658
48249,60659
48250,60661
48252,60665
48253,60666
48254,60669
48255,60670
48256,60672
48258,60674
48259,60675
48260,60677
48261,60678
48262,60680
48263,60681
48264,60682
48265,60683
48266,60684
48267,60685
48268,60686
48269,60688
48270,60689
48271,60691
48274,60695
48275,60697
48276,60698
48277,60699
48278,60700
48279,60701
48281,61103
48284,61108
48288,61114
48291,61120
48293,61122
48300,61139
48301,61140
48308,61148
48310,61150
48311,61151
48312,61152
48313,61153
48314,61158
48318,61169
48319,61170
48320,61171
48324,61180
48325,61181
48327,61183
48331,61192
48332,61194
48333,61197
48334,61198
48335,61199
48337,61208
48339,61210
48341,61212
48343,61221
48344,61222
48347,61225
48349,61227
48354,61233
48357,61237
48358,61238
48367,61252
48369,61256
48371,61264
48372,61265
48373,61267
48374,61268
48375,61269
48377,61281
48379,61283
48382,61287
48383,61288
48384,61289
48385,61290
48386,61291
48387,61292
48389,61294
48392,61298
48396,61303
48400,61307
48401,61308
48403,61310
48406,61314
48408,61316
48416,61330
48417,61332
48418,61333
48425,61347
48427,61349
48428,61351
48429,61352
48435,61361
48440,61366
48444,61371
48446,61375
48453,61389
48454,61390
48455,61391
48456,61392
48457,61393
48462,61399
48465,61402
48468,61407
48469,61408
48474,61416
48477,61419
48478,61420
48480,61423
48482,61427
48484,61429
48488,61435
48489,61436
48490,61440
48492,61444
48493,61445
48494,61446
48495,61447
48499,61451
48501,61453
48503,61456
48504,61457
48507,61462
48512,61472
48513,61473
48517,61479
48518,61480
48522,61485
48523,61486
48525,61488
48528,61494
48534,61505
48537,61508
52175,76100
52176,76101
52177,76103
52178,76105
52179,76106
52180,76107
52181,76108
52182,76109
52183,76110
52184,76111
52185,76114
52186,76115
52187,76116
52188,76117
52189,76118
52190,76119
52191,76120
52192,76121
52193,76123
52194,76124
52195,76125
52196,76126
52198,76128
52199,76129
52200,76130
52201,76132
52202,76135
52203,76136
52205,76138
52206,76139
52207,76140
52208,76141
52209,76142
52210,76144
52211,76147
52212,76148
52213,76151
52214,76153
52215,76154
52216,76155
52217,76156
52218,76157
52219,76158
52220,76159
52221,76160
52222,76161
52223,76163
52224,76164
52225,76165
52226,76174
52227,76175
52228,76176
52229,76177
52230,76178
52231,76179
52232,76180
52233,76181
52234,76182
52235,76183
52236,76184
52237,76185
52238,76187
52239,76188
52240,76189
52241,76190
52243,76192
52244,76194
52245,76195
52246,76196
52247,76197
52248,76198
52249,76199
52250,76200
52251,76202
52252,76203
52253,76204
52254,76205
52255,76207
52256,76208
52257,76210
52258,76211
52259,76213
52260,76214
52262,76216
52263,76219
52264,76220
52265,76221
52266,76223
52267,76224
52268,76225
52269,76226
52270,76227
52271,76228
52272,76229
52273,76230
52274,76232
52275,76233
52276,76235
52277,76236
52278,76237
52279,76238
52280,76239
52281,76241
52282,76243
52283,76244
52284,76245
52285,76247
52287,76249
52288,76250
52289,76251
52290,76252
52291,76253
52292,76254
52293,76257
52294,76258
52295,76260
52296,76262
52297,76265
52298,76266
52299,76268
52300,76269
52301,76270
52302,76271
52303,76272
52304,76273
52305,76276
52306,76279
52307,76280
52308,76283
52309,76284
52310,76285
52311,76286
52312,76288
52313,76290
52314,76291
52315,76292
52316,76293
52317,76295
52318,76296
52319,76297
52320,76298
52321,76299
52322,76300
52324,76302
52325,76303
52326,76304
52327,76305
52328,76306
52329,76307
52330,76308
52331,76309
52332,76312
52333,76315
52334,76316
52335,76317
52336,76319
52337,76320
52338,76323
52339,76324
52340,76325
52342,76327
52343,76328
52344,76329
52345,76330
52346,76331
52347,76332
52348,76333
52349,76334
52350,76336
52352,76340
52353,76341
52354,76342
52355,76343
52356,76344
52357,76345
52358,76346
52359,76347
52360,76348
52361,76349
52362,76350
52363,76353
52364,76354
52365,76355
52366,76356
52367,76357
52368,76359
52369,76360
52370,76362
52371,76363
52372,76364
52373,76365
52374,76367
52375,76369
52376,76370
52377,76372
52378,76373
52379,76374
52380,76375
52382,76377
52383,76380
52384,76382
52385,76383
52386,76384
52387,76385
52388,76386
52389,76387
52390,76389
52391,76392
52392,76393
52393,76394
52394,76395
52395,76396
52396,76397
52397,76399
52398,76400
52399,76402
52400,76403
52401,76404
52402,76405
52403,76406
52404,76407
52405,76408
52406,76409
52407,76410
52408,76411
52409,76412
52410,76413
52411,76414
52412,76415
52413,76416
52414,76417
52415,76419
52416,76420
52417,76421
52418,76422
52419,76423
52420,76424
52421,76425
52422,76426
52423,76427
52424,76430
52425,76432
52426,76433
52427,76434
52428,76437
52429,76438
52430,76439
52431,76441
52432,76442
52433,76443
52435,76445
52436,76447
52437,76448
52438,76449
52439,76451
52440,76453
52441,76454
52442,76455
52443,76457
52444,76458
52445,76459
52446,76460
52447,76462
52448,76465
52449,76467
52450,76468
52451,76469
52452,76471
52453,76472
52454,76473
52455,76474
52456,76476
52457,76477
52458,76478
52459,76479
52460,76480
52461,76481
52462,76482
52463,76483
52464,76484
52465,76487
52466,76488
52467,76489
52468,76490
52469,76491
52470,76492
52471,76493
52472,76494
52474,76499
52475,76500
52476,76501
52477,76502
52478,76503
52479,76504
52480,76505
52481,76507
52482,76510
52483,76511
52484,76512
52485,76513
52486,76514
52487,76515
52488,76517
52489,76518
52490,76519
52491,76520
52492,76521
52493,76523
52494,76524
52495,76526
52496,76527
52497,76528
52498,76530
52499,76532
52500,76533
52501,76534
52502,76535
52503,76541
52504,76544
52505,76545
52506,76546
52507,76549
52508,76550
52509,76551
52510,76552
52511,76553
52512,76554
52513,76555
52514,76556
52515,76557
52516,76558
52517,76559
52518,76561
52519,76562
52520,76563
52521,76564
52522,76565
52523,76566
52524,76567
52525,76568
52526,76570
52527,76571
52528,76572
52529,76573
52530,76574
52531,76575
52532,76576
52533,76577
52534,76580
52535,76581
52536,76582
52537,76583
52538,76584
52539,76585
52540,76586
52541,76587
52542,76588
52543,76589
52544,76590
52545,76591
52546,76592
52547,76593
52548,76594
52549,76595
52550,76597
52551,76598
52552,76599
52553,76600
52554,76602
52555,76603
52556,76606
52558,76608
52559,76609
52560,76610
52561,76611
52562,76613
52563,76614
52564,76615
52565,76616
52566,76617
52567,76618
52568,76619
52569,76620
52570,76621
52571,76622
52572,76623
52573,76624
52575,76626
52576,76627
52577,76628
52578,76629
52579,76630
52580,76632
52581,76634
52582,76635
52583,76636
52584,76637
52585,76638
52587,76641
52588,76642
52590,76644
52591,76645
52592,76646
52593,76647
52594,76648
52595,76649
52596,76650
52597,76651
52598,76652
52599,76653
52600,76654
52601,76655
52602,76656
52603,76657
52604,76658
52606,76660
52607,76662
52608,76663
52609,76664
52610,76665
52611,76666
52612,76667
52613,76669
52614,76670
52615,76671
52616,76672
52617,76673
52618,76675
52619,76676
52620,76677
52621,76678
52622,76679
52623,76680
52624,76681
52625,76683
52626,76684
52627,76685
52628,76686
52629,76688
52630,76689
52631,76690
52632,76692
52633,76694
52634,76695
52636,76697
52637,76698
52638,76700
52640,76702
52641,76703
52643,76705
52644,76706
52645,76707
52646,76708
52647,76710
52649,76716
52650,76717
52651,76718
52652,76719
52653,76720
52654,76721
52655,76724
52656,76725
52657,76726
52658,76730
52659,76731
52660,76733
52661,76734
52662,76735
52663,76736
52664,76737
52665,76738
52666,76739
52667,76741
52669,76743
52670,76744
52671,76746
52672,76747
52673,76748
52674,76749
52675,76750
52676,76751
52677,76752
52678,76753
52679,76754
52680,76755
52681,76756
52682,76757
52683,76758
52684,76759
52685,77101
52686,77102
52687,77104
52688,77106
52689,77107
52690,77108
52691,77110
52692,77111
52693,77112
52694,77113
52695,77114
52696,77115
52697,77116
52698,77117
52699,77118
52700,77120
52701,77121
52702,77123
52703,77125
52704,77127
52705,77128
52706,77130
52707,77131
52708,77132
52709,77134
52710,77135
52711,77136
52712,77137
52713,77138
52714,77140
52715,77141
52716,77143
52717,77145
52718,77146
52719,77148
52721,77150
52722,77151
52723,77153
52724,77154
52725,77155
52726,77156
52727,77157
52728,77158
52729,77163
52730,77164
52732,77167
52734,77171
52735,77172
52736,77173
52737,77176
52738,77179
52739,77180
52740,77181
52741,77184
52742,77185
52743,77186
52744,77188
52745,77190
52746,77191
52747,77192
52748,77193
52749,77195
52750,77196
52751,77197
52752,77198
52753,77199
52754,77200
52755,77201
52756,77204
52757,77205
52758,77206
52759,77209
52760,77212
52761,77214
52762,77215
52763,77216
52764,77217
52765,77218
52766,77219
52767,77220
52768,77221
52769,77223
52770,77224
52771,77226
52772,77227
52773,77228
52774,77231
52775,77232
52776,77233
52777,77234
52778,77235
52779,77236
52780,77237
52781,77239
52782,77240
52783,77241
52784,77242
52785,77244
52786,77246
52787,77247
52788,77248
52789,77250
52790,77252
52791,77253
52792,77254
52793,77255
52794,77256
52795,77257
52796,77258
52797,77259
52798,77263
52799,77265
52800,77266
52801,77268
52802,77269
52803,77270
52804,77271
52805,77273
52806,77274
52807,77276
52808,77277
52809,77279
52810,77280
52811,77282
52812,77283
52813,77286
52814,77287
52815,77290
52816,77292
52817,77296
52818,77298
52820,77300
52821,77301
52822,77302
52823,77303
52824,77306
52825,77307
52826,77309
52827,77310
52828,77311
52829,77312
52830,77313
52831,77314
52832,77315
52833,77316
52834,77317
52835,77318
52836,77319
52837,77320
52838,77321
52839,77322
52840,77323
52841,77325
52842,77326
52843,77327
52844,77329
52845,77330
52846,77331
52847,77332
52848,77336
52849,77337
52850,77338
52851,77339
52852,77340
52853,77341
52854,77342
52855,77343
52856,77344
52857,77345
52858,77349
52859,77350
52860,77352
52861,77353
52862,77354
52863,77355
52864,77356
52865,77357
52866,77358
52867,77360
52868,77361
52869,77369
52870,77370
52871,77371
52872,77372
52873,77374
52874,77376
52875,77377
52876,77378
52877,77380
52878,77381
52879,77382
52880,77383
52881,77384
52882,77386
52883,77387
52884,77388
52885,77390
52886,77391
52887,77393
52888,77394
52889,77395
52890,77396
52891,77397
52892,77398
52893,77400
52894,77401
52895,77402
52896,77404
52897,77405
52898,77406
52899,77409
52900,77410
52901,77411
52902,77412
52903,77413
52904,77414
52905,77415
52906,77419
52907,77420
52908,77424
52909,77425
52910,77426
52911,77427
52912,77428
52913,77429
52914,77430
52915,77431
52916,77432
52917,77433
52918,77434
52919,77435
52920,77436
52921,77437
52922,77438
52923,77439
52924,77440
52925,77441
52926,77442
52927,77444
52928,77445
52929,77446
52930,77447
52931,77449
52932,77451
52933,77452
52934,77453
52935,77454
52936,77455
52937,77456
52938,77457
52939,77458
52940,77459
52941,77460
52942,77461
52943,77462
52944,77463
52945,77464
52946,77465
52947,77468
52948,77469
52949,77470
52950,77473
52951,77474
52952,77475
52953,77476
52954,77477
52955,77478
52956,77479
52957,77480
52958,77481
52959,77482
52960,77483
52961,77484
52962,77486
52963,77487
52964,77489
52965,77490
52967,77492
52968,77493
52969,77495
52970,77496
52971,77498
52972,77500
52973,77501
52974,77504
52975,77505
52976,77506
52977,77507
52978,77508
52979,77509
52980,77510
52981,77511
52982,77512
52983,77515
52984,77516
52985,77518
52986,77519
52987,77520
52988,77521
52989,77523
52990,77524
52991,77525
52992,77527
52993,77528
52994,77529
52995,77530
52996,77531
52997,77532
52998,77533
52999,78104
53000,78107
53001,78117
53002,78118
53003,78120
53004,78123
53005,78124
53006,78128
53007,78133
53008,78138
53009,78140
53010,78146
53011,78152
53012,78163
53013,78168
53014,78171
53015,78172
53016,78185
53017,78189
53018,78190
53019,78192
53020,78196
53021,78206
53022,78208
53023,78217
53024,78227
53025,78231
53026,78233
53027,78234
53028,78236
53029,78237
53030,78238
53031,78239
53032,78242
53033,78245
53034,78246
53036,78255
53037,78262
53038,78263
53039,78264
53040,78265
53041,78267
53042,78269
53043,78278
53044,78281
53045,78283
53046,78289
53047,78290
53048,78291
53049,78296
53050,78297
53051,78299
53052,78300
53053,78305
53054,78314
53055,78320
53056,78321
53057,78322
53058,78324
53059,78325
53060,78327
53061,78334
53062,78335
53063,78344
53064,78346
53065,78349
53066,78350
53067,78354
53068,78358
53069,78361
53070,78362
53071,78364
53072,78366
53073,78367
53074,78368
53075,78372
53076,78380
53077,78381
53078,78382
53079,78384
53080,78385
53081,78389
53082,78391
53083,78401
53084,78402
53085,78404
53086,78406
53087,78407
53088,78410
53089,78413
53090,78415
53091,78417
53092,78418
53093,78420
53094,78423
53095,78431
53096,78437
53097,78439
53098,78442
53099,78443
53100,78444
53101,78451
53102,78455
53103,78464
53104,78465
53105,78466
53106,78470
53107,78472
53108,78475
53109,78478
53110,78490
53111,78497
53112,78499
53113,78501
53115,78505
53116,78517
53117,78518
53118,78522
53120,78528
53121,78530
53122,78531
53123,78536
53124,78537
53125,78545
53126,78548
53127,78550
53128,78551
53129,78557
53130,78558
53131,78559
53132,78561
53133,78562
53134,78564
53135,78567
53136,78569
53137,78575
53138,78576
53139,78586
53140,78588
53141,78590
53142,78591
53143,78597
53144,78601
53145,78609
53146,78615
53147,78616
53148,78620
53149,78621
53150,78624
53151,78638
53152,78640
53153,78642
53154,78643
53155,78646
53156,78653
53157,78655
53158,78672
53159,78674
53160,78681
53161,78686
53162,78688
53322,80104
53334,80120
53340,80127
53352,80143
53357,80148
53426,80235
53447,80265
53500,80343
53524,80375
53585,80450
53591,80460
53604,80479
53608,80484
53619,80500
53634,80518
53640,80527
53670,80573
53681,80592
53688,80604
53725,80662
53726,80663
53753,80699
53757,80703
53762,80710
53792,80760
53828,80809
53831,80813
54772,89101
54774,89104
54775,89105
54778,89112
54779,89113
54780,89115
54781,89116
54782,89117
54783,89118
54784,89120
54785,89122
54786,89123
54787,89124
54788,89125
54789,89126
54790,89127
54791,89128
54792,89129
54793,89130
54794,89131
54795,89132
54796,89133
54797,89134
54798,89136
54799,89137
54801,89139
54802,89141
54803,89142
54804,89143
54805,89146
54806,89148
54807,89149
54808,89150
54809,89151
54810,89152
54811,89153
54812,89154
54813,89155
54814,89156
54815,89158
54816,89159
54817,89160
54818,89161
54819,89167
54820,89168
54821,89170
54822,89171
54823,89172
54824,89175
54825,89176
54826,89177
54828,89179
54829,89180
54830,89184
54831,89188
54832,89189
54833,89191
54834,89194
54835,89195
54836,89196
54837,89197
54838,89199
54839,89200
54840,89202
54841,89205
54842,89206
54843,89208
54844,89211
54846,89214
54847,89215
54848,89216
54849,89217
54850,89218
54851,89219
54853,89222
54854,89223
54855,89224
54856,89226
54857,89227
54858,89228
54859,89230
54860,89232
54861,89233
54862,89234
54863,89236
54864,89237
54865,89238
54866,89239
54867,89240
54870,89244
54871,89245
54872,89246
54873,89247
54874,89248
54875,89250
54876,89251
54877,89252
54878,89253
54879,89254
54880,89255
54881,89256
54882,89257
54883,89259
54884,89261
54885,89262
54886,89263
54887,89265
54888,89266
54889,89267
54890,89268
54891,89270
54892,89271
54893,89272
54894,89276
54895,89277
54896,89282
54897,89284
54898,89285
54899,89286
54900,89287
54901,89288
54902,89289
54903,89290
54904,89292
54906,89296
54907,89297
54908,89298
54909,89299
54910,89302
54911,89303
54912,89304
54913,89306
54914,89307
54915,89308
54916,89309
54917,89312
54918,89313
54919,89314
54920,89315
54921,89316
54923,89318
54924,89319
54925,89321
54926,89323
54927,89325
54928,89327
54929,89329
54932,89333
54933,89334
54934,89335
54935,89336
54936,89337
54938,89341
54940,89344
54941,89345
54942,89346
54943,89347
54944,89348
54945,89349
54946,89350
54947,89351
54948,89352
54949,89353
54950,89354
54951,89355
54954,89360
54955,89361
54956,89362
54957,89363
54959,89367
54960,89368
54961,89369
54962,89370
54963,89371
54964,89373
54965,89374
54966,89375
54967,89377
54968,89378
54969,89379
54970,89380
54972,89382
54973,89383
54974,89384
54975,89388
54976,89390
54977,89391
54978,89392
54979,89394
54980,89397
54981,89398
54982,89399
54983,89400
54984,89402
54985,89403
54986,89404
54987,89405
54988,89406
54989,89408
54990,89409
54991,89410
54992,89411
54993,89412
54994,89414
54995,89417
54996,89418
54997,89419
54999,89422
55000,89423
55001,89424
55002,89425
55003,89426
55004,89427
55005,89428
55006,89432
55007,89433
55008,89434
55009,89436
55010,89437
55011,89438
55012,89439
55013,89440
55014,89441
55015,89443
55016,89445
55017,89447
55018,89449
55019,89450
55020,89451
55021,89452
55022,89453
55023,89456
55025,89458
55026,89459
55027,89460
55028,89461
55029,89462
55030,89463
55031,89464
55032,89465
55033,89466
55034,89467
55035,89470
55036,89471
55037,89472
55039,89474
55040,89475
55041,89479
55042,89480
55043,89481
55044,89482
55045,89483
55047,89485
55048,89486
55054,91103
55055,91105
55056,91109
55057,91111
55058,91114
55059,91115
55060,91121
55061,91122
55062,91129
55063,91131
55064,91132
55065,91135
55066,91136
55067,91137
55068,91148
55069,91156
55070,91159
55071,91161
55072,91174
55073,91180
55075,91186
55076,91198
55077,91204
55078,91207
55079,91215
55080,91216
55081,91223
55082,91225
55083,91235
55084,91240
55085,91243
55086,91244
55087,91249
55088,91272
55089,91274
55090,91275
55091,91286
55092,91292
55093,91294
55094,91312
55095,91315
55096,91318
55097,91319
55098,91326
55099,91330
55100,91332
55101,91333
55102,91338
55103,91339
55104,91340
55105,91345
55106,91347
55107,91359
55108,91363
55109,91374
55110,91376
55111,91378
55112,91386
55113,91390
55114,91399
55115,91405
55116,91412
55117,91414
55118,91421
55119,91425
55120,91432
55121,91433
55122,91434
55123,91435
55124,91458
55125,91461
55126,91469
55127,91473
55128,91477
55129,91479
55130,91482
55131,91495
55132,91508
55133,91514
55134,91519
55135,91521
55136,91525
55137,91526
55138,91533
55139,91534
55140,91540
55141,91544
55142,91549
55143,91552
55144,91553
55145,91560
55146,91568
55147,91570
55148,91573
55149,91577
55150,91578
55151,91587
55152,91589
55153,91600
55154,91602
55155,91617
55156,91629
55157,91631
55158,91634
55159,91635
55160,91645
55161,91648
55162,91649
55163,91654
55164,91657
55165,91659
55166,91661
55167,91662
55168,91666
55169,91667
55170,91671
55171,91679
55172,91685
55173,91687
55174,91689
55175,95102
55176,95110
55177,95116
55178,95120
55179,95134
55180,95141
55181,95142
55182,95144
55183,95149
55184,95150
55185,95151
55186,95154
55187,95166
55188,95169
55189,95177
55190,95181
55191,95197
55192,95199
55193,95203
55194,95205
55195,95210
55196,95211
55197,95212
55198,95213
55199,95214
55200,95219
55201,95229
55202,95241
55203,95252
55204,95253
55205,95254
55206,95256
55207,95258
55209,95271
55210,95280
55211,95282
55212,95287
55213,95288
55214,95295
55215,95298
55216,95304
55217,95308
55218,95309
55219,95316
55220,95328
55221,95331
55222,95341
55223,95348
55224,95353
55225,95355
55226,95365
55227,95369
55228,95370
55229,95371
55230,95379
55231,95392
55232,95394
55233,95409
55234,95422
55235,95426
55236,95430
55237,95436
55238,95445
55239,95446
55240,95447
55241,95452
55242,95456
55243,95459
55244,95462
55245,95476
55246,95480
55247,95487
55248,95488
55249,95489
55250,95509
55251,95510
55252,95527
55253,95535
55254,95539
55255,95543
55256,95555
55257,95563
55258,95566
55259,95572
55260,95574
55261,95580
55262,95582
55263,95584
55264,95585
55265,95592
55266,95594
55267,95598
55268,95604
55269,95607
55270,95610
55271,95611
55272,95625
55273,95627
55274,95628
55275,95633
55276,95637
55277,95641
55278,95652
55279,95656
55280,95658
55281,95660
55282,95675
55283,95676
55284,95678
55285,95680
55286,95682
55351,02010
55352,02011
55353,02012
55354,02013
55355,02014
55356,02015
55357,02016
55358,02017
55359,02018
55361,02020
55362,02021
55363,02022
55364,02023
55365,02024
55368,02027
55369,02028
55372,02033
55373,02034
55374,02035
55375,02036
55376,02037
55377,02039
55378,02040
55379,02041
55380,02042
55381,02043
55382,02044
55383,02046
55384,02047
55385,02048
55387,02051
55388,02052
55389,02055
55392,02058
55393,02059
55395,02062
55397,02064
55399,02066
55401,02069
55402,02070
55403,02071
55404,02073
55405,02075
55406,02076
55407,02077
55408,02078
55409,02079
55410,02080
55411,02081
55412,02082
55413,02083
55414,02084
55415,02085
55416,02086
55417,02087
55418,02088
55419,02089
55420,02090
55421,02091
55422,02093
55423,02094
55425,02096
55426,02097
55427,02098
55692,08010
55694,08015
55695,08016
55696,08017
55697,08018
55698,08021
55701,08025
55703,08027
55706,08030
55707,08031
55708,08032
55713,08038
55714,08039
55717,08044
55718,08045
55719,08046
55721,08048
55722,08049
55725,08056
55727,08060
55728,08062
55729,08064
55732,08070
55734,08073
55739,08080
55740,08082
55743,08086
55744,08087
55747,08097
55748,08098
55806,10011
55807,10012
55808,10013
55809,10014
55810,10015
55811,10018
55812,10020
55813,10021
55814,10022
55815,10023
55816,10024
55817,10025
55818,10028
55819,10029
55820,10030
55821,10033
55822,10034
55823,10035
55824,10037
55825,10038
55826,10040
55827,10041
55828,10042
55829,10044
55830,10045
55831,10046
55832,10047
55833,10050
55834,10053
55835,10054
55836,10055
55837,10056
55838,10057
55839,10060
55840,10061
55841,10062
55842,10063
55843,10064
55844,10065
55845,10066
55846,10067
55847,10068
55848,10069
55849,10070
55850,10071
55851,10073
55852,10074
55853,10076
55854,10077
55855,10078
55856,10082
55857,10084
55858,10086
55859,10089
55860,10090
55861,10091
55862,10092
55863,10093
55864,10096
55865,10097
55866,10098
56066,14012
56067,14014
56068,14015
56069,14016
56070,14019
56071,14020
56072,14021
56073,14022
56074,14023
56075,14024
56076,14025
56077,14026
56078,14027
56080,14030
56081,14033
56082,14034
56083,14035
56084,14036
56085,14037
56086,14038
56087,14039
56088,14040
56089,14042
56090,14043
56091,14044
56092,14045
56093,14046
56094,14047
56095,14049
56096,14053
56097,14054
56098,14055
56100,14057
56101,14060
56102,14062
56103,14063
56104,14064
56106,14066
56107,14069
56108,14070
56111,14076
56112,14077
56113,14078
56114,14079
56116,14083
56117,14084
56118,14085
56119,14086
56120,14089
56121,14090
56122,14091
56123,14092
56124,14096
56125,14097
56126,14098
56428,21011
56429,21012
56440,21024
56441,21025
56442,21026
56447,21033
56448,21034
56453,21040
56455,21043
56458,21047
56464,21055
56467,21058
56470,21061
56471,21062
56472,21063
56473,21064
56476,21068
56477,21069
56480,21075
56482,21077
56483,21078
56485,21080
56486,21081
56487,21082
56488,21084
56489,21085
56494,21090
56497,21093
56500,21097
56501,21098
56784,27010
56785,27011
56786,27013
56787,27014
56788,27015
56789,27017
56790,27018
56791,27020
56792,27022
56793,27023
56794,27026
56795,27031
56796,27032
56797,27033
56798,27037
56799,27039
56800,27040
56801,27045
56802,27046
56803,27047
56804,27048
56805,27050
56806,27051
56807,27054
56808,27055
56809,27056
56810,27057
56812,27059
56814,27061
56815,27063
56816,27064
56817,27066
56818,27067
56819,27068
56820,27069
56821,27070
56822,27072
56823,27073
56824,27074
56825,27075
56826,27077
56827,27079
56828,27081
56829,27083
56831,27085
56833,27091
56836,27094
56837,27095
56838,27097
56839,27098
56842,28013
56843,28014
56847,28022
56848,28024
56849,28025
56853,28033
56854,28035
56855,28036
56857,28039
56858,28040
56860,28045
56861,28046
56864,28050
56865,28052
56866,28053
56867,28058
56868,28060
56869,28062
56871,28064
56874,28068
56875,28070
56876,28071
56881,28082
56882,28084
56883,28085
56886,28089
56888,28094
56889,28095
57937,45010
57938,45011
57939,45012
57940,45013
57941,45014
57942,45015
57944,45017
57945,45018
57947,45021
57948,45022
57951,45025
57952,45026
57953,45027
57956,45030
57957,45035
57958,45036
57959,45038
57962,45041
57965,45045
57968,45050
57972,45056
57976,45061
57980,45066
57982,45068
57983,45069
57986,45073
57987,45078
57988,45080
57991,45084
57992,45085
57993,45086
57995,45088
57997,45092
57999,45094
58000,45095
58001,45097
58243,50013
58245,50015
58246,50016
58250,50021
58251,50022
58252,50023
58253,50024
58254,50026
58255,50027
58256,50029
58257,50030
58258,50034
58260,50036
58261,50038
58262,50039
58263,50041
58266,50044
58267,50045
58268,50046
58269,50048
58270,50049
58272,50052
58273,50055
58276,50058
58277,50059
58279,50062
58281,50069
58282,50070
58284,50072
58287,50076
58288,50078
58289,50079
58291,50081
58292,50082
58293,50083
58294,50084
58295,50085
58296,50086
58297,50087
58299,50092
58300,50093
58301,50094
58302,50095
58303,50097
58304,50098
58305,51010
58306,51012
58307,51013
58308,51014
58309,51015
58310,51016
58311,51018
58312,51020
58313,51022
58314,51023
58315,51028
58316,51029
58317,51031
58318,51034
58319,51036
58320,51037
58321,51038
58322,51039
58323,51040
58324,51041
58325,51042
58326,51043
58327,51044
58328,51045
58329,51046
58330,51047
58331,51048
58332,51049
58333,51050
58334,51051
58335,51052
58336,51053
58337,51054
58338,51055
58339,51056
58340,51058
58341,51059
58342,51060
58343,51061
58344,51062
58345,51063
58347,51065
58348,51066
58349,51068
58350,51070
58351,51073
58352,51074
58353,51075
58354,51076
58355,51077
58356,51079
58357,51080
58358,51081
58359,51082
58360,51084
58361,51087
58362,51088
58363,51089
58364,51090
58365,51091
58366,51093
58367,51094
58368,51097
58369,51098
58370,52011
58371,52012
58374,52016
58375,52017
58376,52019
58377,52021
58378,52022
58381,52028
58382,52029
58383,52030
58384,52031
58385,52034
58389,52039
58390,52042
58391,52045
58392,52050
58394,52055
58395,52056
58396,52057
58397,52058
58398,52059
58400,52061
58403,52065
58404,52066
58406,52069
58408,52072
58409,52075
58410,52076
58411,52079
58412,52082
58413,52084
58414,52085
58415,52087
58416,52088
58420,52095
58421,52097
58539,55011
58541,55014
58542,55015
58545,55023
58550,55029
58552,55031
58553,55032
58555,55035
58558,55038
58559,55041
58566,55049
58567,55051
58573,55059
58577,55065
58578,55066
58579,55067
58580,55068
58581,55069
58589,55079
58591,55081
58592,55082
58719,58010
58720,58011
58722,58013
58724,58015
58725,58016
58727,58018
58732,58023
58739,58032
58743,58037
58744,58038
58745,58039
58747,58041
58750,58047
58752,58049
58753,58050
58755,58052
58757,58054
58767,58068
58769,58075
58773,58079
58775,58082
58776,58083
58777,58084
58778,58085
58783,58093
58787,58098
58854,60012
58855,60013
58856,60014
58857,60015
58858,60016
58859,60017
58861,60019
58862,60020
58863,60022
58864,60024
58865,60025
58866,60026
58867,60027
58868,60029
58869,60030
58870,60031
58871,60032
58872,60033
58873,60034
58875,60036
58877,60040
58878,60041
58879,60042
58880,60044
58881,60045
58882,60046
58883,60047
58884,60048
58885,60049
58886,60050
58888,60052
58890,60054
58891,60055
58892,60057
58893,60059
58894,60060
58895,60063
58896,60064
58897,60065
58898,60066
58899,60067
58900,60068
58901,60069
58902,60070
58903,60071
58904,60073
58906,60076
58907,60077
58908,60078
58909,60079
58911,60081
58913,60083
58915,60087
58916,60088
58917,60089
58918,60090
58919,60091
58920,60092
58921,60093
58922,60094
58923,60095
58924,60097
58925,60098
58926,61010
58927,61011
58928,61012
58930,61014
58931,61015
58933,61018
58935,61020
58940,61028
58942,61032
58944,61035
58945,61036
58947,61040
58951,61044
58955,61049
58958,61052
58959,61053
58960,61055
58963,61062
58964,61064
58968,61069
58969,61070
58970,61071
58972,61080
58973,61081
58975,61084
58977,61088
58978,61089
58980,61092
58981,61093
59786,76010
59787,76011
59788,76012
59789,76013
59790,76014
59791,76015
59792,76016
59793,76019
59794,76020
59795,76021
59796,76022
59797,76023
59798,76024
59799,76025
59800,76026
59802,76028
59803,76030
59805,76032
59806,76033
59807,76036
59809,76038
59810,76040
59811,76041
59812,76042
59813,76043
59815,76045
59816,76046
59817,76047
59818,76048
59819,76049
59820,76050
59821,76051
59822,76052
59823,76053
59824,76054
59825,76055
59826,76056
59827,76057
59828,76058
59829,76059
59830,76060
59831,76062
59832,76064
59833,76065
59834,76067
59835,76068
59836,76069
59837,76070
59838,76071
59839,76072
59841,76075
59842,76076
59843,76077
59846,76085
59847,76086
59848,76088
59850,76090
59851,76091
59852,76092
59853,76093
59854,76094
59855,76096
59856,76097
59858,77011
59859,77012
59860,77013
59861,77014
59862,77015
59863,77016
59864,77018
59865,77019
59866,77022
59867,77023
59868,77024
59869,77025
59871,77029
59872,77032
59873,77036
59874,77037
59875,77038
59876,77039
59877,77040
59878,77041
59879,77042
59880,77043
59881,77044
59882,77045
59883,77047
59884,77048
59885,77051
59886,77055
59887,77056
59888,77057
59889,77058
59890,77059
59891,77061
59892,77062
59893,77066
59894,77067
59895,77068
59896,77069
59897,77070
59898,77071
59899,77073
59900,77075
59901,77076
59902,77077
59903,77078
59904,77079
59905,77080
59906,77081
59907,77082
59908,77084
59909,77094
59910,77095
59911,77096
59912,77097
59913,77098
59914,78013
59915,78015
59916,78020
59917,78029
59918,78030
59919,78031
59920,78033
59921,78034
59922,78036
59923,78048
59924,78049
59925,78050
59926,78053
59927,78057
59928,78062
59929,78068
59930,78070
59931,78071
59932,78072
59933,78073
59934,78082
59935,78084
59936,78087
59937,78089
59938,78090
59939,78092
59940,78096
59994,80026
60022,80061
60023,80062
60049,80098
60508,89010
60509,89011
60510,89012
60511,89013
60512,89015
60513,89016
60514,89017
60515,89018
60516,89019
60517,89020
60518,89021
60519,89023
60520,89025
60521,89028
60522,89029
60523,89030
60524,89032
60525,89033
60526,89034
60527,89035
60528,89038
60529,89040
60530,89042
60531,89043
60532,89044
60533,89045
60534,89046
60535,89049
60536,89050
60537,89053
60538,89054
60539,89055
60540,89059
60541,89061
60542,89062
60543,89064
60544,89066
60545,89067
60546,89069
60548,89071
60549,89072
60550,89073
60551,89075
60552,89076
60554,89079
60555,89083
60556,89084
60557,89087
60558,89089
60559,89091
60560,89092
60561,89095
60562,89096
60564,89098
60623,91016
60624,91017
60625,91022
60626,91027
60627,91037
60628,91038
60629,91041
60630,91044
60631,91047
60632,91064
60633,91069
60634,91075
60635,91079
60636,91080
60637,91081
60638,91086
60639,91093
60640,91095
60641,91097
60642,91098
60643,92012
60644,92014
60645,92023
60646,92032
60647,92033
60648,92036
60649,92040
60650,92044
60651,92046
60652,92048
60653,92049
60654,92050
60655,92051
60656,92062
60657,92063
60658,92071
60659,92072
60660,92073
60661,92077
60662,92078
60663,93010
60664,93014
60665,93015
60666,93029
60667,93030
60668,93031
60669,93032
60670,93033
60671,93046
60672,93047
60673,93049
60674,93051
60675,93053
60676,93055
60677,93059
60678,93064
60679,93071
60680,93072
60681,93074
60682,93077
60683,93078
60684,94011
60685,94015
60686,94017
60687,94018
60688,94019
60689,94021
60690,94022
60691,94028
60692,94033
60693,94041
60694,94042
60695,94044
60696,94046
60697,94047
60698,94052
60699,94053
60700,94055
60701,94056
60702,94065
60703,94068
60704,94070
60705,94071
60706,94073
60707,94074
60708,94075
60709,94076
60710,94077
60711,94078
60712,94079
60713,94081
60714,95011
60715,95014
60716,95018
60717,95019
60718,95023
60719,95026
60720,95028
60721,95039
60722,95040
60723,95042
60724,95046
60725,95051
60726,95052
60727,95055
60728,95056
60729,95058
60730,95059
60731,95060
60732,95061
60733,95063
60734,95078
60735,95094
60740,02002
60741,02004
60742,02005
60744,02007
60772,08001
60774,08005
60775,08008
60782,10002
60783,10003
60784,10004
60785,10006
60786,10007
60787,10008
60807,14001
60808,14003
60810,14005
60811,14006
60812,14007
60845,21004
60847,21006
60848,21007
60849,21008
60880,27001
60881,27002
60882,27003
60883,27004
60885,27008
60886,28001
60889,28008
60989,45001
60990,45002
60991,45005
61019,50002
61020,50004
61021,50006
61023,51001
61024,51002
61025,51003
61026,51004
61027,51005
61028,51006
61029,51007
61030,51008
61031,52001
61033,52004
61034,52005
61035,52006
61036,52007
61050,55001
61070,58005
61072,58008
61080,60003
61081,60004
61082,60005
61083,60007
61084,60008
61086,61002
61089,61006
61165,76001
61166,76002
61167,76004
61168,76005
61169,76007
61170,76008
61171,77001
61172,77002
61173,77003
61174,77004
61175,77005
61176,77007
61177,77008
61178,78006
61179,78007
61189,80008
61234,89003
61235,89004
61236,89005
61237,89006
61238,89007
61239,89008
61247,91001
61248,92002
61249,93001
61250,93005
61251,93008
61252,94002
61253,94004
61254,95002
61255,95008
61258,28195
61260,45252
61261,51124
61264,60405
61267,78647
61268,91468
61275,14699
61279,50185
61280,50483
61284,51027
61288,76548
61304,02118
61305,02134
61306,02171
61308,02269
61309,02277
61310,02282
61312,02294
61313,02311
61315,02361
61316,02364
61317,02385
61318,02388
61319,02408
61320,02457
61322,02464
61323,02468
61324,02470
61325,02499
61326,02530
61327,02600
61328,02613
61329,02648
61330,02655
61332,02671
61334,02715
61335,02775
61336,02789
61379,08165
61380,08176
61381,08193
61384,08310
61386,08344
61387,08362
61389,08373
61390,08390
61396,08490
61397,08499
61417,10167
61418,10172
61419,10196
61420,10210
61421,10229
61422,10258
61423,10302
61424,10314
61425,10340
61426,10387
61427,10394
61428,10399
61457,14107
61458,14140
61460,14258
61461,14283
61462,14333
61463,14341
61464,14366
61466,14465
61468,14546
61469,14598
61470,14602
61471,14640
61472,14656
61473,14657
61474,14664
61475,14685
61476,14724
61477,14728
61478,14747
61479,14748
61480,14762
61552,21142
61553,21144
61554,21145
61555,21151
61560,21234
61561,21247
61562,21252
61565,21272
61568,21308
61569,21359
61571,21393
61572,21422
61573,21425
61577,21511
61580,21580
61582,21604
61584,21611
61586,21693
61587,21710
61674,27125
61675,27140
61676,27161
61677,27176
61678,27184
61679,27198
61681,27229
61682,27234
61683,27248
61684,27275
61685,27294
61686,27295
61687,27367
61688,27393
61689,27417
61690,27445
61691,27467
61692,27474
61693,27501
61694,27554
61695,27561
61697,27603
61698,27611
61699,27645
61700,27676
61701,27681
61702,28122
61703,28146
61704,28168
61705,28180
61706,28230
61707,28267
61709,28289
61710,28298
61946,45110
61949,45219
61952,45294
61953,45338
61996,50117
61997,50138
61998,50147
61999,50158
62001,50186
62003,50209
62004,50216
62005,50268
62008,50370
62009,50389
62010,50393
62011,50394
62012,50422
62013,50457
62014,50461
62015,50502
62016,50505
62017,50569
62018,50578
62019,50582
62021,50626
62023,51113
62024,51116
62025,51129
62026,51130
62027,51167
62028,51194
62029,51237
62030,51250
62031,51259
62032,51283
62033,51291
62034,51351
62035,51352
62036,51371
62037,51380
62039,51438
62040,51442
62041,51449
62042,51454
62043,51464
62044,51468
62045,51469
62046,51509
62047,51535
62048,51559
62049,51610
62050,51612
62051,51663
62052,52121
62055,52196
62056,52198
62057,52211
62058,52250
62059,52251
62060,52253
62062,52269
62064,52291
62065,52302
62066,52313
62068,52325
62070,52442
62071,52472
62120,55326
62123,55446
62170,58116
62173,58145
62177,58198
62185,58271
62186,58286
62189,58304
62219,60115
62220,60117
62221,60157
62222,60159
62223,60166
62225,60215
62226,60233
62227,60239
62228,60251
62229,60269
62230,60271
62233,60301
62234,60340
62235,60360
62236,60393
62237,60406
62238,60418
62239,60435
62240,60466
62241,60471
62242,60484
62243,60508
62244,60512
62245,60539
62246,60546
62247,60547
62249,60591
62250,60612
62251,60614
62252,60657
62253,60667
62254,60676
62261,61240
62262,61344
62263,61443
62264,61464
62467,76104
62468,76134
62470,76146
62471,76149
62472,76152
62473,76186
62474,76212
62475,76222
62476,76231
62477,76240
62478,76255
62479,76259
62480,76264
62481,76278
62482,76314
62483,76335
62484,76378
62485,76379
62486,76388
62487,76456
62488,76485
62489,76495
62490,76506
62491,76509
62493,76529
62494,76531
62495,76537
62496,76538
62497,76540
62498,76542
62499,76569
62500,76604
62501,76612
62502,76668
62504,76715
62505,77103
62506,77109
62507,77161
62508,77162
62509,77207
62510,77208
62511,77238
62512,77272
62513,77284
62514,77288
62515,77295
62516,77333
62517,77348
62518,77368
62519,77379
62520,77385
62521,77403
62522,77417
62523,77466
62524,77513
62525,77534
62526,78160
62527,78162
62528,78498
62529,78565
62530,78677
62568,80796
62645,89162
62646,89182
62648,89198
62649,89203
62650,89229
62651,89249
62652,89278
62653,89279
62654,89283
62655,89300
62656,89311
62657,89338
62658,89339
62659,89342
62660,89430
62661,89442
62662,89446
62664,89477
62665,91200
62666,91201
62667,91226
62668,91228
62669,91377
62670,91471
62671,91538
62672,91579
62673,91581
62674,91619
62675,91691
62676,95127
62677,95183
62678,95250
62679,95277
62680,95351
62681,95352
62682,95428
62683,95438
62684,95500
62685,95504
62686,95554
62693,02031
62694,02072
62723,08014
62724,08024
62725,08036
62727,08066
62728,08077
62729,08089
62731,08092
62739,10031
62740,10039
62741,10080
62742,10087
62743,10094
62751,14011
62754,14093
62810,27028
62811,27034
62812,27062
62813,27065
62814,28015
62815,28030
62819,28059
62939,50025
62940,50040
62941,50054
62942,50074
62943,50077
62944,51032
62945,51078
62946,51092
62948,52023
62950,52053
62966,55044
62980,58029
62982,58071
62991,60043
62993,60084
62994,61023
62996,61063
63049,75056
63051,76079
63052,76082
63053,76084
63054,77030
63055,77049
63056,78043
63115,89024
63116,89037
63117,89039
63118,89057
63119,89068
63120,89093
63126,91021
63127,91085
63128,92020
63129,92025
63130,92064
63131,93066
63132,93070
63133,94054
63134,94069
63135,95024
63136,95091
63137,02001
63138,02003
63140,08004
63141,10005
63159,60002
63162,78003
63163,78005
63170,89002
63171,92007
63179,92022
63180,93063
63181,93013
63182,91692
63183,77407
63184,92024
63185,93073
63186,92004
63187,92026
63188,78644
63189,94016
63190,78158
63191,78383
63192,77152
63193,77249
63194,77251
63195,77243
63199,27482
63204,78650
63207,27052
63214,02109
63217,02162
63218,02164
63219,02241
63220,02304
63221,02306
63223,02378
63224,02379
63225,02454
63226,02545
63227,02546
63228,02547
63229,02548
63230,02558
63231,02606
63232,02705
63233,02731
63234,02759
63236,02802
63237,02803
63270,08111
63272,08135
63273,08167
63275,08182
63281,08320
63282,08323
63283,08369
63284,08374
63292,10157
63293,10166
63294,10200
63295,10201
63296,10202
63297,10208
63298,10231
63299,10259
63300,10265
63301,10281
63302,10317
63303,10321
63304,10327
63305,10367
63306,10402
63307,10421
63308,10423
63332,14102
63333,14103
63334,14104
63336,14116
63337,14122
63338,14124
63344,14223
63345,14261
63347,14285
63348,14288
63350,14332
63351,14337
63354,14375
63355,14400
63356,14402
63357,14412
63363,14419
63365,14421
63368,14424
63369,14425
63370,14426
63371,14457
63372,14458
63374,14504
63376,14510
63377,14520
63379,14536
63381,14541
63382,14687
63383,14694
63385,14714
63387,14740
63388,14741
63389,14756
63449,21303
63451,21445
63452,21525
63454,21528
63455,21695
63542,27146
63543,27147
63544,27148
63546,27157
63547,27183
63548,27189
63549,27191
63550,27196
63552,27240
63553,27242
63554,27289
63555,27302
63557,27313
63558,27317
63559,27318
63560,27319
63561,27320
63562,27321
63563,27322
63564,27323
63565,27336
63566,27345
63567,27363
63568,27378
63569,27386
63570,27401
63572,27403
63573,27428
63574,27430
63575,27431
63576,27432
63577,27435
63578,27444
63579,27464
63580,27465
63581,27466
63582,27475
63584,27528
63585,27616
63586,27627
63587,27633
63588,27635
63590,27638
63592,27641
63594,27646
63595,27658
63596,27660
63597,27661
63598,27663
63599,27666
63600,27668
63601,27684
63602,27685
63606,28149
63607,28159
63610,28188
63611,28214
63612,28231
63613,28247
63614,28248
63615,28299
63616,28310
63618,28314
63619,28368
63620,28385
63676,35111
63682,35157
63822,45112
63824,45225
63825,45306
63826,45307
63886,50121
63888,50124
63891,50137
63892,50152
63894,50161
63895,50182
63898,50205
63900,50217
63901,50225
63902,50235
63903,50236
63904,50237
63906,50262
63907,50275
63908,50278
63909,50279
63910,50281
63911,50282
63912,50283
63914,50297
63915,50300
63917,50302
63918,50304
63919,50305
63921,50310
63922,50311
63923,50312
63925,50315
63927,50317
63931,50321
63933,50324
63935,50326
63936,50327
63937,50332
63939,50361
63940,50371
63941,50395
63943,50398
63944,50399
63945,50402
63948,50591
63949,50607
63950,50616
63951,50619
63952,50624
63953,50633
63955,51100
63956,51103
63957,51126
63958,51127
63959,51128
63960,51132
63961,51141
63962,51143
63963,51147
63964,51197
63965,51235
63966,51236
63967,51258
63968,51260
63969,51278
63970,51302
63971,51361
63972,51365
63973,51367
63974,51397
63975,51398
63976,51399
63977,51428
63978,51463
63979,51570
63980,51617
63981,51618
63982,51619
63983,51626
63984,51639
63985,52214
63996,55116
63998,55253
64000,55379
64024,60142
64025,60164
64026,60165
64028,60196
64029,60230
64033,60319
64036,60400
64037,60401
64038,60402
64039,60428
64041,60454
64043,60457
64044,60458
64045,60459
64046,60460
64047,60497
64048,60498
64049,60500
64050,60501
64051,60502
64052,60520
64053,60559
64054,60660
64055,60662
64056,60679
64057,60703
64058,61100
64059,61101
64066,61164
64067,61167
64070,61178
64072,61187
64073,61193
64074,61195
64077,61216
64078,61217
64079,61218
64080,61219
64085,61259
64086,61260
64087,61262
64089,61271
64090,61272
64091,61274
64092,61275
64096,61328
64100,61346
64104,61460
64105,61461
64107,61466
64109,61493
64112,61512
64216,76112
64217,76131
64218,76133
64219,76162
64220,76166
64221,76168
64222,76169
64223,76170
64224,76172
64225,76193
64226,76261
64227,76263
64229,76274
64231,76294
64232,76321
64233,76322
64234,76338
64235,76339
64236,76351
64237,76358
64238,76366
64239,76371
64240,76390
64241,76401
64242,76428
64243,76429
64244,76431
64245,76435
64246,76436
64247,76498
64248,76508
64249,76522
64250,76547
64251,76691
64252,76693
64253,76699
64254,76709
64255,76712
64256,76728
64257,76740
64258,77100
64259,77147
64260,77165
64261,77182
64262,77183
64263,77202
64264,77210
64265,77225
64266,77229
64267,77267
64268,77285
64269,77347
64270,77363
64271,77364
64272,77365
64273,77367
64274,77389
64275,77467
64276,77472
64277,77485
64278,78108
64279,78125
64280,78126
64281,78165
64282,78220
64283,78230
64284,78302
64285,78396
64286,78397
64287,78398
64288,78440
64289,78481
64290,78486
64291,78502
64292,78608
64293,78623
64294,78668
64310,80522
64316,80651
64319,80767
64405,89111
64406,89163
64407,89310
64408,89395
64409,91179
64410,91232
64411,91247
64412,91248
64413,91284
64414,91411
64415,91457
64416,91494
64417,91630
64418,91665
64419,95139
64420,95303
64421,95395
64422,95483
64423,95491
64424,95492
64425,95493
64426,95612
64430,02038
64480,10049
64481,10072
64482,10081
64483,10095
64509,14032
64510,14061
64512,14080
64513,14082
64582,27016
64583,27038
64585,27043
64586,27053
64587,27071
64588,27078
64589,27090
64590,27096
64593,28054
64594,28055
64595,28074
64597,28076
64598,28077
64706,45032
64708,45076
64709,45077
64710,45096
64740,50028
64741,50032
64743,50060
64744,50064
64745,51033
64760,53093
64762,55061
64774,58058
64776,58080
64777,61017
64779,61054
64781,61076
64783,61085
64785,61095
64862,76039
64863,76074
64864,77054
64865,77063
64866,77086
64867,77087
64868,77088
64869,77089
64870,77090
64871,77091
64872,78010
64873,78077
64959,89036
64960,89063
64961,89080
64962,89081
64963,92035
64964,92060
64965,93027
64966,93045
64967,93057
64968,93062
64969,94043
64970,94059
64971,94060
64972,95054
64980,60006
64987,93007
64992,27099
64997,77083
65065,50338
65068,95119
65087,02410
65090,02512
65091,02521
65092,02644
65124,08220
65125,08360
65126,08396
65133,10143
65134,10144
65135,10346
65136,10365
65137,10369
65149,14174
65150,14180
65151,14220
65153,14284
65154,14367
65158,14576
65160,14614
65189,21157
65192,21402
65195,21530
65197,21642
65198,21681
65281,27137
65282,27170
65283,27243
65284,27366
65285,27455
65286,27485
65287,27502
65288,27508
65289,27518
65291,27547
65292,27552
65293,27564
65294,27591
65295,27629
65296,27680
65297,27686
65298,28135
65299,28140
65300,28263
65301,28293
65304,28359
65305,28371
65306,28377
65415,45124
65416,45143
65418,45325
65439,50164
65440,50192
65441,50218
65443,50229
65444,50357
65447,50452
65449,50476
65450,50504
65452,50570
65453,50592
65454,51376
65455,51473
65456,51531
65458,52130
65461,52235
65463,52267
65464,52308
65465,52327
65466,52419
65467,52495
65468,52500
65469,52525
65470,52534
65472,53181
65475,53213
65494,55103
65495,55261
65498,55348
65500,55477
65525,58229
65531,60101
65534,60207
65535,60320
65536,60347
65538,60410
65539,60487
65540,60593
65541,60616
65543,60656
65544,60687
65555,61273
65556,61276
65644,76217
65645,76282
65646,76640
65647,76682
65648,77122
65649,77168
65650,77169
65651,77187
65652,77293
65653,77294
65654,77304
65655,77471
65656,77514
65657,77522
65658,78143
65659,78147
65660,78188
65661,78194
65662,78202
65663,78285
65664,78310
65665,78311
65666,78317
65667,78356
65668,78416
65669,78460
65692,80586
65697,80707
65698,80732
65751,89100
65752,89119
65753,89144
65754,89145
65755,89164
65756,89165
65757,89181
65758,89187
65759,89209
65760,89210
65761,89385
65762,89386
65763,91145
65764,91175
65765,91191
65766,91195
65767,91441
65768,91511
65769,91599
65770,95101
65771,95157
65772,95170
65773,95176
65774,95218
65775,95268
65776,95301
65777,95306
65778,95323
65779,95388
65780,95424
65781,95427
65782,95429
65783,95450
65784,95541
65785,95651
65787,02053
65805,08074
65809,10010
65810,10026
65811,10027
65812,10052
65843,27021
65844,27035
65845,28037
65878,45037
65892,50050
65893,52047
65902,55033
65903,55075
65916,60021
65917,60072
65919,61074
65948,77021
65949,77035
65950,77060
65951,78076
65953,80063
65974,89027
65982,91035
65983,92019
65984,92047
65985,92075
65986,92076
65987,93048
65988,93050
65989,94034
65990,94037
65991,94067
65992,94080
65993,95012
65994,95074
65995,95088
65998,27006
65999,28007
66007,52003
66009,60001
66016,93006
66017,94001
66018,94003
66026,02307
66033,08451
66034,14343
66035,14370
66036,14427
66043,27149
66044,27462
66052,50274
66063,89212
66064,28087
66065,60316
66066,60598
66069,28372
66082,28003
66083,28098
66084,60061
66085,27113
66086,27266
66096,60062
66103,55185
66115,51455
66124,76470
66127,14134
66128,91067
66136,14207
66145,21470
66147,89088
66169,10150
66177,27351
66178,27076
66179,27273
66180,27049
66191,52443
66195,14256
66203,52037
66204,52116
66205,52163
66207,51009
66208,10272
66217,14009
66218,27012
66221,27673
66225,76631
66228,76006
66229,76087
66251,51495
66252,51514
66253,51414
66254,51069
66255,80183
66268,28229
66273,52040
66274,58237
66288,14190
66289,14672
66296,50145
66297,50099
66303,77278
66317,21100
66318,21672
66323,21389
66325,89225
66332,76318
66333,76083
66335,21121
66336,61123
66340,61060
66343,10051
66366,58073
66367,58070
66368,58026
66369,58043
66370,60254
66371,60531
66378,14244
66381,60572
66383,77099
66384,89478
66385,89364
66386,89060
66387,89094
66388,95270
66389,95387
66390,45033
66391,45125
66392,45237
66393,45258
66399,10017
66409,77178
66415,52115
66429,10099
66439,21343
66442,27216
66443,27439
66444,27652
66453,76516
66455,60195
66468,89186
66470,21640
66481,27109
66482,27290
66503,60099
66504,60056
66512,50572
66515,77194
66516,89031
66517,89056
66518,89099
66525,78474
66529,61137
66533,51568
66534,27337
66535,89393
66536,27557
66561,50639
66562,78276
66569,51240
66570,51311
66574,89328
66575,89365
66576,61386
66581,27632
66582,28099
66590,14648
66594,52099
66595,27544
66597,14701
66614,60663
66617,14719
66621,50277
66631,27500
66639,77408
66651,60265
66668,76446
66669,60575
66673,45230
66679,51418
66686,61214
66689,77448
66690,77260
66691,77418
66692,89086
66694,77416
66704,61138
66705,61317
66706,61385
66714,50362
66715,76234
66716,76311
66725,60168
66733,89387
66736,77053
66737,77139
66738,60358
66741,60197
66743,77392
66744,76560
66756,89147
66757,89173
66758,89221
66775,76596
66823,91130
66824,91556
66829,78683
66830,60597
66831,60432
66840,91593
66843,94048
66844,51599
66849,27458
66853,93061
66872,89009
66881,27009
66882,28006
66887,60009
66898,10009
66903,28009
66908,60023
66912,77009
66922,21044
66925,51030
66931,14059
66936,77033
66938,92009
66942,76095
66944,77034
66947,51072
66951,91100
66961,89065
66964,51118
66970,10083
66972,50120
66976,89108
66985,60226
66986,77174
66988,77177
66990,10151
66997,89201
67002,77245
67004,27364
67018,78571
67027,78224
67030,93039
67031,94038
67032,95313
67037,51341
67047,27341
67052,76368
67053,89190
67054,89235
67056,60421
67068,60595
67071,77281
67072,89204
67086,10382
67097,45091
67101,51247
67103,50033
67104,77203
67112,52104
67115,14173
67116,14682
67120,78484
67121,27309
67142,89274
67143,51231
67173,80533
67194,78009
67198,76017
67205,60010
67208,27019
67209,76281
67219,61339
67222,78520
67223,89085
67226,50156
67229,89048
67231,27027
67232,27301
67233,27105
67235,60086
67239,50112
67240,50143
67244,50176
67245,77050
67255,76167
67256,77072
67259,60139
67260,45083
67261,21603
67264,50129
67265,89431
67273,14202
67283,27279
67286,60309
67295,95257
67303,60346
67305,78513
67320,77291
67322,94058
67326,27338
67327,76711
67351,51083
67359,60037
67361,51057
67362,51658
67376,78606
67377,91112
67379,77046
67380,77328
67381,60548
67384,21526
67385,45079
67386,89281
67389,21460
67402,51574
67410,27476
67415,52183
67421,89242
67426,10361
67427,76099
67428,76289
67429,61039
67430,51125
67432,14106
67435,51035
67438,76173
67441,52151
67443,60241
67453,51360
67457,80587
67466,28096
67468,27156
67469,28201
67472,58154
67473,58110
67474,58133
67475,60586
67485,14559
67496,10115
67497,27155
67499,21381
67500,27678
67501,78618
67506,45214
67507,21137
67508,21287
67512,76035
67513,51515
67515,55017
67516,61072
67517,61086
67520,77275
67523,61406
67532,10079
67554,58191
67555,60456
67564,14087
67568,89051
67569,95690
67570,45054
67576,91546
67577,91547
67579,10355
67580,10121
67590,52449
67592,10431
67593,61034
67595,10108
67596,10118
67602,60144
67615,50227
67620,14452
67625,45145
67636,27217
67638,28090
67644,76745
67649,77305
67662,51410
67665,95529
67666,27495
67683,50118
67684,10411
67687,14578
67705,58062
67706,14334
67707,14435
67712,60473
67714,80126
67715,80373
67717,45218
67718,45257
67726,61162
67732,51099
67736,78329
67740,27696
67741,60626
67750,21386
67762,50610
67776,60229
67780,45213
67781,77289
67784,61188
67789,51631
67794,14273
67799,77144
67818,10261
67819,27438
67822,77450
67824,60398
67827,77366
67829,77526
67832,76714
67835,76391
67836,76486
67837,60619
67847,27285
67848,27540
67855,78209
67856,78516
67860,95523
67862,50090
67864,78343
67876,27442
67877,27556
67889,27672
67890,27406
67891,27423
67897,60494
67905,02125
67906,02482
67907,02777
67908,02809
67910,08208
67911,08418
67914,08084
67915,08318
67949,08109
67990,02008
67991,02049
67992,02054
67994,02068
67995,02102
67996,02122
67997,02124
67998,02140
67999,02141
68000,02163
68001,02220
68002,02224
68003,02238
68004,02242
68005,02251
68007,02302
68009,02316
68010,02331
68011,02333
68012,02349
68013,02350
68016,02430
68017,02439
68018,02497
68019,02502
68020,02528
68021,02566
68022,02585
68023,02678
68024,02682
68025,02743
68026,02748
68027,02749
68028,02818
68137,08052
68139,08069
68142,08169
68144,08196
68146,08219
68147,08229
68148,08240
68150,08283
68152,08319
68153,08333
68154,08339
68157,08465
68158,08467
68161,10019
68162,10032
68163,10043
68164,10048
68165,10058
68166,10059
68167,10075
68168,10085
68169,10148
68170,10161
68171,10168
68172,10174
68173,10187
68174,10189
68175,10204
68176,10249
68177,10263
68178,10278
68179,10289
68180,10324
68181,10377
68182,10386
68183,10406
68184,10420
68229,14041
68230,14050
68232,14068
68233,14088
68234,14131
68236,14181
68238,14194
68239,14195
68241,14231
68242,14266
68244,14272
68245,14287
68246,14303
68247,14312
68248,14374
68249,14378
68250,14431
68251,14446
68252,14455
68253,14478
68254,14502
68257,14527
68258,14563
68262,14610
68263,14613
68264,14621
68268,14721
68269,14731
68271,14759
68272,14764
68404,21029
68405,21052
68408,21125
68409,21139
68410,21147
68411,21149
68412,21153
68414,21159
68419,21326
68420,21357
68426,21413
68427,21419
68433,21516
68434,21531
68436,21544
68437,21545
68438,21546
68440,21568
68446,21679
68448,21717
68615,27005
68617,27025
68618,27036
68619,27042
68620,27082
68621,27089
68622,27104
68623,27106
68624,27111
68625,27112
68626,27129
68627,27130
68628,27153
68630,27169
68631,27194
68632,27204
68633,27208
68634,27237
68637,27291
68638,27331
68639,27361
68640,27392
68641,27396
68642,27415
68644,27427
68645,27437
68646,27459
68647,27477
68648,27524
68649,27586
68650,27604
68651,27605
68652,27621
68653,27649
68655,27664
68656,27693
68657,27698
68658,27701
68660,28023
68662,28034
68665,28056
68667,28073
68668,28110
68669,28120
68670,28148
68671,28151
68672,28173
68675,28239
68677,28275
68679,28321
68681,28360
68683,28386
68685,28393
68687,28403
68950,35018
69165,45004
69166,45031
69167,45047
69168,45060
69169,45065
69170,45158
69172,45265
69177,45332
69242,50008
69243,50031
69244,50066
69245,50088
69246,50096
69247,50130
69248,50148
69249,50167
69253,50234
69254,50290
69255,50335
69257,50384
69258,50405
69259,50451
69260,50456
69261,50495
69262,50507
69263,50514
69264,50529
69265,50531
69266,50537
69267,50576
69268,50587
69271,51017
69272,51019
69273,51025
69274,51071
69275,51085
69276,51086
69277,51095
69278,51115
69279,51133
69280,51158
69281,51166
69282,51190
69283,51211
69284,51214
69285,51218
69286,51228
69287,51244
69288,51264
69289,51269
69290,51270
69291,51277
69292,51286
69293,51293
69294,51298
69295,51325
69296,51326
69297,51337
69298,51350
69299,51369
69300,51381
69301,51393
69302,51407
69303,51416
69304,51457
69305,51474
69306,51479
69307,51508
69308,51513
69309,51537
69310,51555
69311,51571
69312,51583
69313,51592
69314,51611
69315,52008
69316,52044
69319,52091
69322,52108
69323,52118
69324,52125
69326,52169
69327,52173
69328,52177
69329,52182
69331,52194
69333,52230
69335,52246
69336,52265
69338,52274
69340,52300
69341,52316
69343,52353
69346,52383
69347,52384
69348,52386
69352,52413
69353,52426
69355,52431
69356,52456
69357,52469
69358,52497
69360,52526
69407,55010
69409,55026
69410,55040
69413,55087
69416,55123
69417,55132
69421,55179
69422,55186
69425,55254
69428,55298
69431,55358
69433,55366
69434,55369
69437,55388
69439,55423
69440,55442
69442,55472
69445,55497
69447,55517
69448,55518
69500,58063
69501,58069
69503,58090
69506,58128
69508,58156
69510,58180
69511,58185
69512,58205
69513,58226
69551,60028
69552,60074
69555,60132
69556,60133
69558,60169
69559,60171
69560,60222
69562,60257
69565,60336
69566,60348
69567,60374
69568,60389
69569,60438
69570,60440
69571,60469
69573,60493
69574,60537
69575,60554
69576,60592
69577,60596
69578,60602
69580,60668
69581,60671
69584,61007
69585,61008
69586,61030
69588,61078
69590,61176
69591,61189
69592,61190
69596,61302
69599,61342
69600,61358
69603,61413
69604,61422
69605,61432
69606,61474
69608,61490
69609,61503
69610,61510
69960,76009
69961,76018
69962,76029
69963,76034
69964,76063
69965,76066
69966,76113
69967,76122
69968,76143
69969,76171
69970,76201
69971,76206
69972,76209
69973,76218
69974,76242
69975,76275
69976,76287
69977,76352
69978,76361
69979,76381
69980,76398
69981,76418
69982,76440
69983,76450
69984,76452
69985,76461
69986,76463
69987,76464
69988,76475
69989,76497
69990,76536
69991,76543
69992,76578
69993,76605
69994,76723
69995,76727
69996,76732
69997,77006
69998,77010
69999,77020
70000,77026
70001,77027
70002,77031
70003,77052
70004,77065
70005,77085
70006,77093
70007,77119
70008,77124
70009,77126
70010,77129
70011,77133
70012,77142
70013,77159
70014,77175
70015,77211
70016,77222
70017,77261
70018,77262
70019,77264
70020,77297
70021,77308
70022,77335
70023,77359
70025,77421
70026,77423
70027,77443
70028,77494
70029,78113
70030,78164
70031,78193
70032,78261
70033,78307
70034,78337
70035,78403
70036,78506
70079,80362
70083,80456
70098,80613
70103,80714
70248,89014
70249,89022
70250,89041
70251,89058
70252,89074
70253,89077
70254,89169
70255,89183
70256,89207
70257,89264
70258,89273
70259,89280
70260,89291
70261,89295
70262,89320
70263,89324
70264,89332
70265,89359
70266,89376
70267,89413
70268,89415
70269,89416
70272,89469
70281,91045
70282,91099
70283,91106
70284,91184
70285,91273
70286,91293
70287,91408
70288,91463
70289,91507
70290,91613
70291,91639
70342,02788
70343,02757
70345,02685
70346,02663
70347,02591
70348,02588
70349,02578
70350,02575
70351,02565
70352,02552
70353,02534
70354,02532
70356,02448
70357,02414
70359,02298
70360,02281
70361,02243
70362,02201
70363,02177
70364,02145
70365,02121
70366,02099
70367,02074
70368,02009
70434,08472
70436,08431
70437,08415
70438,08404
70439,08397
70440,08386
70442,08309
70446,08148
70448,08102
70456,08006
70513,27659
70514,27560
70515,27497
70516,27256
70518,27171
70519,27044
70546,50648
70548,50590
70549,50442
70550,50299
70551,50155
70552,50109
70553,50003
70554,51273
70555,51108
70559,60294
70729,89102
70732,93079
70771,89326
70773,51201
70838,52278
70842,52266
70862,55138
70865,76601
